,id,created_at,updated_at,timestamp,sensor_id,sensor_value,isanalyzed,count,time_since_boot,status_bin
0,4671949,2024-10-11 08:20:02.146178+00,2024-10-11 07:41:47.886216+00,2024-10-14 23:30:59.044565+00,45600,0,t,3566,-1807593416,1111111111101111
1,4671950,2024-10-11 08:20:02.146178+00,2024-10-11 07:41:47.886216+00,2024-10-14 23:31:01.024535+00,45598,0,t,3567,-1807591436,1111111111101011
2,4671953,2024-10-11 08:20:02.146178+00,2024-10-11 07:41:47.886216+00,2024-10-14 23:31:09.641081+00,45600,1,t,3568,-1807582819,1111111111111011
7,4672020,2024-10-11 08:20:02.146178+00,2024-10-11 07:41:47.886216+00,2024-10-14 23:31:59.57722+00,45598,1,t,3570,-1807532883,1111111111101111
8,4672021,2024-10-11 08:20:02.146178+00,2024-10-11 07:41:47.886216+00,2024-10-14 23:31:59.57722+00,45600,0,t,3570,-1807532883,1111111111101111
9,4672026,2024-10-11 08:20:02.146178+00,2024-10-11 07:41:47.886216+00,2024-10-14 23:31:53.444036+00,45598,0,t,3569,-1807539016,1111111111101011
14,4672091,2024-10-11 08:20:02.146178+00,2024-10-11 07:41:47.886216+00,2024-10-14 23:32:48.968617+00,45598,1,t,3571,-1807483492,1111111111111111
15,4672092,2024-10-11 08:20:02.146178+00,2024-10-11 07:41:47.886216+00,2024-10-14 23:32:48.968617+00,45600,1,t,3571,-1807483492,1111111111111111
16,4672106,2024-10-11 08:20:02.146178+00,2024-10-11 07:41:47.886216+00,2024-10-14 23:33:11.90972+00,45600,0,t,3572,-1807460551,1111111111101111
23,4672148,2024-10-11 08:20:02.146178+00,2024-10-11 07:41:47.886216+00,2024-10-14 23:33:38.608356+00,45600,1,t,3573,-1807433852,1111111111111111
32,4672684,2024-10-11 08:20:02.146178+00,2024-10-11 07:41:47.886216+00,2024-10-14 23:41:01.363749+00,45597,0,t,3574,-1806991097,1111111111111101
33,4672691,2024-10-11 08:20:02.146178+00,2024-10-11 07:41:47.886216+00,2024-10-14 23:41:11.552084+00,45597,1,t,3575,-1806980909,1111111111111111
38,4672818,2024-10-11 08:20:02.146178+00,2024-10-11 07:41:47.886216+00,2024-10-14 23:42:54.812455+00,45597,0,t,3576,-1806877649,1111111111111101
39,4672819,2024-10-11 08:20:02.146178+00,2024-10-11 07:41:47.886216+00,2024-10-14 23:43:04.965701+00,45597,1,t,3577,-1806867496,1111111111111111
40,4672948,2024-10-11 08:20:02.146178+00,2024-10-11 07:41:47.886216+00,2024-10-14 23:45:05.757731+00,45598,0,t,3578,-1806746704,1111111111111011
41,4672970,2024-10-11 08:20:02.146178+00,2024-10-11 07:41:47.886216+00,2024-10-14 23:45:15.311267+00,45598,1,t,3579,-1806737150,1111111111111111
45,4673036,2024-10-11 08:20:02.146178+00,2024-10-11 07:41:47.886216+00,2024-10-14 23:45:50.576531+00,11-0,0,t,3580,-1806701885,1111111111111110
47,4673038,2024-10-11 08:20:02.146178+00,2024-10-11 07:41:47.886216+00,2024-10-14 23:45:58.364375+00,45598,0,t,3581,-1806694097,1111111111111010
48,4673039,2024-10-11 08:20:02.146178+00,2024-10-11 07:41:47.886216+00,2024-10-14 23:46:08.30723+00,11-0,1,t,3582,-1806684154,1111111111111011
51,4673042,2024-10-11 08:20:02.146178+00,2024-10-11 07:41:47.886216+00,2024-10-14 23:46:38.258341+00,11-0,0,t,3583,-1806654203,1111111111111010
54,4673051,2024-10-11 08:20:02.146178+00,2024-10-11 07:41:47.886216+00,2024-10-14 23:46:56.868892+00,45598,1,t,3584,-1806635593,1111111111111110
59,4673084,2024-10-11 08:20:02.146178+00,2024-10-11 07:41:47.886216+00,2024-10-14 23:47:41.21836+00,11-0,1,t,3585,-1806591243,1111111111111111
70,4673303,2024-10-11 08:20:02.146178+00,2024-10-11 07:41:47.886216+00,2024-10-14 23:49:36.142425+00,45601,0,t,3586,-1806476320,1111111111011111
71,4673321,2024-10-11 08:20:02.146178+00,2024-10-11 07:41:47.886216+00,2024-10-14 23:49:46.312565+00,45601,1,t,3587,-1806466149,1111111111111111
76,4673582,2024-10-11 08:20:02.146178+00,2024-10-11 07:41:47.886216+00,2024-10-14 23:53:18.23088+00,45599,0,t,3588,-1806254231,1111111111110111
77,4673583,2024-10-11 08:20:02.146178+00,2024-10-11 07:41:47.886216+00,2024-10-14 23:53:28.529184+00,45599,1,t,3589,-1806243933,1111111111111111
84,4673698,2024-10-11 08:20:02.146178+00,2024-10-11 07:41:47.886216+00,2024-10-14 23:55:31.291105+00,45600,0,t,3590,-1806121171,1111111111101111
85,4673717,2024-10-11 08:20:02.146178+00,2024-10-11 07:41:47.886216+00,2024-10-14 23:55:37.300172+00,45597,0,t,3591,-1806115162,1111111111101101
86,4673758,2024-10-11 08:20:02.146178+00,2024-10-11 07:41:47.886216+00,2024-10-14 23:55:49.052056+00,45597,1,t,3593,-1806103411,1111111111111111
87,4673759,2024-10-11 08:20:02.146178+00,2024-10-11 07:41:47.886216+00,2024-10-14 23:55:49.052056+00,45600,1,t,3593,-1806103411,1111111111111111
88,4673768,2024-10-11 08:20:02.146178+00,2024-10-11 07:41:47.886216+00,2024-10-14 23:55:47.478386+00,45600,0,t,3592,-1806104984,1111111111101111
89,4673780,2024-10-11 08:20:02.146178+00,2024-10-11 07:41:47.886216+00,2024-10-14 23:55:57.184145+00,11-0,0,t,3594,-1806095278,1111111111111110
90,4673781,2024-10-11 08:20:02.146178+00,2024-10-11 07:41:47.886216+00,2024-10-14 23:55:57.184145+00,45600,1,t,3594,-1806095278,1111111111111110
94,4673789,2024-10-11 08:20:02.146178+00,2024-10-11 07:41:47.886216+00,2024-10-14 23:56:29.986053+00,45600,0,t,3595,-1806062477,1111111111101110
96,4673791,2024-10-11 08:20:02.146178+00,2024-10-11 07:41:47.886216+00,2024-10-14 23:56:36.367335+00,11-0,1,t,3596,-1806056095,1111111111101111
101,4673867,2024-10-11 08:20:02.146178+00,2024-10-11 07:41:47.886216+00,2024-10-14 23:57:24.285296+00,45600,1,t,3597,-1806008177,1111111111111111
113,4673972,2024-10-11 08:20:02.146178+00,2024-10-11 07:41:47.886216+00,2024-10-14 23:58:36.179208+00,45597,0,t,3598,-1805936284,1111111111111101
114,4673973,2024-10-11 08:20:02.146178+00,2024-10-11 07:41:47.886216+00,2024-10-14 23:58:40.236376+00,11-0,0,t,3599,-1805932226,1111111111111100
115,4673974,2024-10-11 08:20:02.146178+00,2024-10-11 07:41:47.886216+00,2024-10-14 23:58:46.350444+00,45597,1,t,3600,-1805926112,1111111111111110
123,4674170,2024-10-11 08:20:02.146178+00,2024-10-11 07:41:47.886216+00,2024-10-15 00:00:29.266637+00,45597,0,t,3601,-1805823196,1111111111111100
124,4674172,2024-10-11 08:20:02.146178+00,2024-10-11 07:41:47.886216+00,2024-10-15 00:00:39.41281+00,45597,1,t,3602,-1805813050,1111111111111110
125,4674173,2024-10-11 08:20:02.146178+00,2024-10-11 07:41:47.886216+00,2024-10-15 00:00:39.51988+00,11-0,1,t,3603,-1805812943,1111111111111111
137,4675317,2024-10-11 08:20:02.146178+00,2024-10-11 07:41:47.886216+00,2024-10-15 00:13:45.49903+00,45599,0,t,3604,-1805026965,1111111111110111
138,4675318,2024-10-11 08:20:02.146178+00,2024-10-11 07:41:47.886216+00,2024-10-15 00:13:55.774418+00,45599,1,t,3605,-1805016690,1111111111111111
139,4675510,2024-10-11 08:20:02.146178+00,2024-10-11 07:41:47.886216+00,2024-10-15 00:15:05.425129+00,45598,0,t,3606,-1804947039,1111111111111011
140,4675537,2024-10-11 08:20:02.146178+00,2024-10-11 07:41:47.886216+00,2024-10-15 00:15:27.36213+00,11-0,0,t,3607,-1804925102,1111111111111010
141,4675538,2024-10-11 08:20:02.146178+00,2024-10-11 07:41:47.886216+00,2024-10-15 00:15:35.562262+00,45598,1,t,3608,-1804916902,1111111111111110
146,4675611,2024-10-11 08:20:02.146178+00,2024-10-11 07:41:47.886216+00,2024-10-15 00:16:22.733504+00,11-0,1,t,3609,-1804869731,1111111111111111
152,4675668,2024-10-11 08:20:02.146178+00,2024-10-11 07:41:47.886216+00,2024-10-15 00:17:10.830697+00,45598,0,t,3610,-1804821634,1111111111111011
153,4675738,2024-10-11 08:20:02.146178+00,2024-10-11 07:41:47.886216+00,2024-10-15 00:17:28.627565+00,45598,1,t,3611,-1804803837,1111111111111111
158,4675964,2024-10-11 08:20:02.146178+00,2024-10-11 07:41:47.886216+00,2024-10-15 00:19:13.077188+00,45600,0,t,3612,-1804699388,1111111111101111
159,4676045,2024-10-11 08:20:02.146178+00,2024-10-11 07:41:47.886216+00,2024-10-15 00:19:34.026194+00,45600,1,t,3613,-1804678439,1111111111111111
166,4676085,2024-10-11 08:20:02.146178+00,2024-10-11 07:41:47.886216+00,2024-10-15 00:20:26.663868+00,45598,0,t,3614,-1804625801,1111111111111011
170,4676104,2024-10-11 08:20:02.146178+00,2024-10-11 07:41:47.886216+00,2024-10-15 00:20:45.82502+00,45598,1,t,3615,-1804606640,1111111111111111
171,4676139,2024-10-11 08:20:02.146178+00,2024-10-11 07:41:47.886216+00,2024-10-15 00:20:52.470752+00,45600,0,t,3616,-1804599994,1111111111101111
177,4676215,2024-10-11 08:20:02.146178+00,2024-10-11 07:41:47.886216+00,2024-10-15 00:21:54.208513+00,45599,0,t,3617,-1804538256,1111111111100111
178,4676228,2024-10-11 08:20:02.146178+00,2024-10-11 07:41:47.886216+00,2024-10-15 00:22:03.442779+00,45600,1,t,3618,-1804529022,1111111111110111
179,4676230,2024-10-11 08:20:02.146178+00,2024-10-11 07:41:47.886216+00,2024-10-15 00:22:04.517921+00,45599,1,t,3619,-1804527947,1111111111111111
188,4676710,2024-10-11 08:20:02.146178+00,2024-10-11 07:41:47.886216+00,2024-10-15 00:28:26.017908+00,45601,0,t,3620,-1804146448,1111111111011111
189,4676717,2024-10-11 08:20:02.146178+00,2024-10-11 07:41:47.886216+00,2024-10-15 00:28:36.320403+00,45601,1,t,3621,-1804136145,1111111111111111
196,4678045,2024-10-11 08:20:02.146178+00,2024-10-11 07:41:47.886216+00,2024-10-15 00:43:15.078591+00,45597,0,t,3622,-1803257389,1111111111111101
197,4678055,2024-10-11 08:20:02.146178+00,2024-10-11 07:41:47.886216+00,2024-10-15 00:43:25.212714+00,45597,1,t,3623,-1803247254,1111111111111111
200,4678130,2024-10-11 08:20:02.146178+00,2024-10-11 07:41:47.886216+00,2024-10-15 00:43:59.887386+00,45597,0,t,3624,-1803212580,1111111111111101
201,4678141,2024-10-11 08:20:02.146178+00,2024-10-11 07:41:47.886216+00,2024-10-15 00:44:10.040616+00,45597,1,t,3625,-1803202427,1111111111111111
202,4678182,2024-10-11 08:20:02.146178+00,2024-10-11 07:41:47.886216+00,2024-10-15 00:44:51.556205+00,11-0,0,t,3626,-1803160911,1111111111111110
203,4678234,2024-10-11 08:20:02.146178+00,2024-10-11 07:41:47.886216+00,2024-10-15 00:45:02.015663+00,11-0,1,t,3627,-1803150452,1111111111111111
210,4678378,2024-10-11 08:20:02.146178+00,2024-10-11 07:41:47.886216+00,2024-10-15 00:46:32.319221+00,11-0,0,t,3628,-1803060148,1111111111111110
211,4678464,2024-10-11 08:20:02.146178+00,2024-10-11 07:41:47.886216+00,2024-10-15 00:47:30.650546+00,11-0,1,t,3629,-1803001817,1111111111111111
215,4678475,2024-10-11 08:20:02.146178+00,2024-10-11 07:41:47.886216+00,2024-10-15 00:48:09.810751+00,11-0,0,t,3630,-1802962657,1111111111111110
217,4678492,2024-10-11 08:20:02.146178+00,2024-10-11 07:41:47.886216+00,2024-10-15 00:48:47.815902+00,11-0,1,t,3631,-1802924652,1111111111111111
222,4678621,2024-10-11 08:20:02.146178+00,2024-10-11 07:41:47.886216+00,2024-10-15 00:50:42.688892+00,45598,0,t,3632,-1802809779,1111111111111011
223,4678633,2024-10-11 08:20:02.146178+00,2024-10-11 07:41:47.886216+00,2024-10-15 00:51:00.557884+00,45598,1,t,3633,-1802791910,1111111111111111
228,4678755,2024-10-11 08:20:02.146178+00,2024-10-11 07:41:47.886216+00,2024-10-15 00:51:46.586947+00,45600,0,t,3634,-1802745881,1111111111101111
233,4679340,2024-10-11 08:20:02.146178+00,2024-10-11 07:41:47.886216+00,2024-10-15 00:57:50.666525+00,45599,0,t,3635,-1802381802,1111111111100111
234,4679355,2024-10-11 08:20:02.146178+00,2024-10-11 07:41:47.886216+00,2024-10-15 00:58:00.947885+00,45599,1,t,3636,-1802371521,1111111111101111
241,4679925,2024-10-11 08:20:02.146178+00,2024-10-11 07:41:47.886216+00,2024-10-15 01:03:41.142512+00,45601,0,t,3637,-1802031327,1111111111001111
242,4679972,2024-10-11 08:20:02.146178+00,2024-10-11 07:41:47.886216+00,2024-10-15 01:03:51.405919+00,45600,1,t,3639,-1802021063,1111111111111111
243,4679973,2024-10-11 08:20:02.146178+00,2024-10-11 07:41:47.886216+00,2024-10-15 01:03:51.405919+00,45601,1,t,3639,-1802021063,1111111111111111
244,4679974,2024-10-11 08:20:02.146178+00,2024-10-11 07:41:47.886216+00,2024-10-15 01:03:51.295743+00,45601,0,t,3638,-1802021173,1111111111011111
253,4680437,2024-10-11 08:20:02.146178+00,2024-10-11 07:41:47.886216+00,2024-10-15 01:08:24.442372+00,45599,0,t,3640,-1801748027,1111111111110111
254,4680438,2024-10-11 08:20:02.146178+00,2024-10-11 07:41:47.886216+00,2024-10-15 01:08:24.442372+00,45601,1,t,3640,-1801748027,1111111111110111
255,4680448,2024-10-11 08:20:02.146178+00,2024-10-11 07:41:47.886216+00,2024-10-15 01:08:34.6846+00,45599,1,t,3641,-1801737785,1111111111111111
256,4680575,2024-10-11 08:20:02.146178+00,2024-10-11 07:41:47.886216+00,2024-10-15 01:13:03.326687+00,45598,0,t,3642,-1801469143,1111111111111011
257,4680580,2024-10-11 08:20:02.146178+00,2024-10-11 07:41:47.886216+00,2024-10-15 01:13:34.703203+00,45598,1,t,3643,-1801437767,1111111111111111
261,4680601,2024-10-11 08:20:02.146178+00,2024-10-11 07:41:47.886216+00,2024-10-15 01:14:03.908256+00,11-0,0,t,3644,-1801408562,1111111111111110
263,4680613,2024-10-11 08:20:02.146178+00,2024-10-11 07:41:47.886216+00,2024-10-15 01:14:59.765276+00,11-0,1,t,3645,-1801352705,1111111111111111
268,4680652,2024-10-11 08:20:02.146178+00,2024-10-11 07:41:47.886216+00,2024-10-15 01:16:07.922559+00,45598,0,t,3646,-1801284548,1111111111111011
269,4680663,2024-10-11 08:20:02.146178+00,2024-10-11 07:41:47.886216+00,2024-10-15 01:16:27.898034+00,45598,1,t,3647,-1801264573,1111111111111111
271,4680670,2024-10-11 08:20:02.146178+00,2024-10-11 07:41:47.886216+00,2024-10-15 01:16:52.868593+00,11-0,0,t,3648,-1801239602,1111111111111110
275,4680695,2024-10-11 08:20:02.146178+00,2024-10-11 07:41:47.886216+00,2024-10-15 01:17:49.449144+00,11-0,1,t,3649,-1801183021,1111111111111111
284,4680868,2024-10-11 08:20:02.146178+00,2024-10-11 07:41:47.886216+00,2024-10-15 01:24:15.384827+00,45601,0,t,3650,-1800797086,1111111111011111
285,4680872,2024-10-11 08:20:02.146178+00,2024-10-11 07:41:47.886216+00,2024-10-15 01:24:25.45697+00,45601,1,t,3651,-1800787014,1111111111111111
286,4680994,2024-10-11 08:20:02.146178+00,2024-10-11 07:41:47.886216+00,2024-10-15 01:26:22.783473+00,11-0,0,t,3652,-1800669688,1111111111111110
287,4681029,2024-10-11 08:20:02.146178+00,2024-10-11 07:41:47.886216+00,2024-10-15 01:26:31.077817+00,45598,0,t,3653,-1800661394,1111111111111010
288,4681106,2024-10-11 08:20:02.146178+00,2024-10-11 07:41:47.886216+00,2024-10-15 01:26:36.718429+00,11-0,1,t,3654,-1800655753,1111111111111011
289,4681149,2024-10-11 08:20:02.146178+00,2024-10-11 07:41:47.886216+00,2024-10-15 01:26:50.93372+00,45600,0,t,3655,-1800641538,1111111111101011
295,4681253,2024-10-11 08:20:02.146178+00,2024-10-11 07:41:47.886216+00,2024-10-15 01:27:25.072831+00,45598,1,t,3656,-1800607399,1111111111101111
303,4681371,2024-10-11 08:20:02.146178+00,2024-10-11 07:41:47.886216+00,2024-10-15 01:28:14.719598+00,45600,1,t,3657,-1800557752,1111111111111111
305,4681376,2024-10-11 08:20:02.146178+00,2024-10-11 07:41:47.886216+00,2024-10-15 01:28:49.59149+00,45598,0,t,3658,-1800522880,1111111111111011
311,4681432,2024-10-11 08:20:02.146178+00,2024-10-11 07:41:47.886216+00,2024-10-15 01:29:06.990932+00,45598,1,t,3659,-1800505481,1111111111111111
322,4681926,2024-10-11 08:20:02.146178+00,2024-10-11 07:41:47.886216+00,2024-10-15 01:34:05.135463+00,45601,0,t,3660,-1800207337,1111111111011111
323,4681934,2024-10-11 08:20:02.146178+00,2024-10-11 07:41:47.886216+00,2024-10-15 01:34:15.401903+00,45601,1,t,3661,-1800197070,1111111111111111
328,4682095,2024-10-11 08:20:02.146178+00,2024-10-11 07:41:47.886216+00,2024-10-15 01:35:14.730316+00,45601,0,t,3662,-1800137742,1111111111011111
329,4682127,2024-10-11 08:20:02.146178+00,2024-10-11 07:41:47.886216+00,2024-10-15 01:35:25.019644+00,45601,1,t,3663,-1800127453,1111111111111111
341,4682669,2024-10-11 08:20:02.146178+00,2024-10-11 07:41:47.886216+00,2024-10-15 01:40:59.633282+00,45599,0,t,3664,-1799792840,1111111111110111
342,4682717,2024-10-11 08:20:02.146178+00,2024-10-11 07:41:47.886216+00,2024-10-15 01:41:09.932112+00,45599,1,t,3665,-1799782541,1111111111111111
344,4682749,2024-10-11 08:20:02.146178+00,2024-10-11 07:41:47.886216+00,2024-10-15 01:41:47.336536+00,45599,0,t,3666,-1799745136,1111111111110111
345,4682751,2024-10-11 08:20:02.146178+00,2024-10-11 07:41:47.886216+00,2024-10-15 01:41:57.619885+00,45599,1,t,3667,-1799734853,1111111111111111
346,4683205,2024-10-11 08:20:02.146178+00,2024-10-11 07:41:47.886216+00,2024-10-15 01:46:00.365032+00,45600,0,t,3668,-1799492108,1111111111101111
347,4683232,2024-10-11 08:20:02.146178+00,2024-10-11 07:41:47.886216+00,2024-10-15 01:46:29.785536+00,45600,1,t,3669,-1799462688,1111111111111111
352,4683484,2024-10-11 08:20:02.146178+00,2024-10-11 07:41:47.886216+00,2024-10-15 01:48:18.130933+00,45598,0,t,3670,-1799354343,1111111111111011
353,4683496,2024-10-11 08:20:02.146178+00,2024-10-11 07:41:47.886216+00,2024-10-15 01:48:28.423396+00,11-0,0,t,3671,-1799344050,1111111111111010
354,4683505,2024-10-11 08:20:02.146178+00,2024-10-11 07:41:47.886216+00,2024-10-15 01:48:37.172513+00,45598,1,t,3672,-1799335302,1111111111111110
356,4683587,2024-10-11 08:20:02.146178+00,2024-10-11 07:41:47.886216+00,2024-10-15 01:49:02.073913+00,45600,0,t,3673,-1799310400,1111111111101110
362,4683657,2024-10-11 08:20:02.146178+00,2024-10-11 07:41:47.886216+00,2024-10-15 01:49:25.951993+00,11-0,1,t,3674,-1799286522,1111111111101111
367,4683684,2024-10-11 08:20:02.146178+00,2024-10-11 07:41:47.886216+00,2024-10-15 01:50:11.096244+00,45600,1,t,3675,-1799241378,1111111111111111
372,4683785,2024-10-11 08:20:02.146178+00,2024-10-11 07:41:47.886216+00,2024-10-15 01:51:03.240423+00,45598,0,t,3676,-1799189233,1111111111111011
373,4683795,2024-10-11 08:20:02.146178+00,2024-10-11 07:41:47.886216+00,2024-10-15 01:51:22.467738+00,45598,1,t,3677,-1799170006,1111111111111111
381,4683955,2024-10-11 08:20:02.146178+00,2024-10-11 07:41:47.886216+00,2024-10-15 01:52:17.627995+00,11-0,0,t,3678,-1799114846,1111111111111110
382,4684005,2024-10-11 08:20:02.146178+00,2024-10-11 07:41:47.886216+00,2024-10-15 01:52:54.512894+00,11-0,1,t,3679,-1799077961,1111111111111111
396,4687123,2024-10-11 08:20:02.146178+00,2024-10-11 07:41:47.886216+00,2024-10-15 02:25:54.247748+00,45597,0,t,3680,-1797098229,1111111111111101
397,4698346,2024-10-11 08:20:02.146178+00,2024-10-11 07:41:47.886216+00,2024-10-15 04:41:55.936467+00,45597,1,t,3682,-1788936558,1111111111101111
398,4698347,2024-10-11 08:20:02.146178+00,2024-10-11 07:41:47.886216+00,2024-10-15 04:41:55.936467+00,45600,0,t,3682,-1788936558,1111111111101111
399,4698361,2024-10-11 08:20:02.146178+00,2024-10-11 07:41:47.886216+00,2024-10-15 04:42:08.016533+00,45600,1,t,3683,-1788924478,1111111111111111
404,4698474,2024-10-11 08:20:02.146178+00,2024-10-11 07:41:47.886216+00,2024-10-15 04:43:16.46416+00,45598,0,t,3684,-1788856030,1111111111111011
405,4698512,2024-10-11 08:20:02.146178+00,2024-10-11 07:41:47.886216+00,2024-10-15 04:43:36.076589+00,45598,1,t,3685,-1788836418,1111111111111111
407,4698582,2024-10-11 08:20:02.146178+00,2024-10-11 07:41:47.886216+00,2024-10-15 04:44:04.840597+00,11-0,0,t,3686,-1788807654,1111111111111110
411,4698704,2024-10-11 08:20:02.146178+00,2024-10-11 07:41:47.886216+00,2024-10-15 04:44:41.38513+00,11-0,1,t,3687,-1788771109,1111111111111111
416,4698749,2024-10-11 08:20:02.146178+00,2024-10-11 07:41:47.886216+00,2024-10-15 04:46:16.911774+00,45600,0,t,3688,-1788675583,1111111111101111
417,4698772,2024-10-11 08:20:02.146178+00,2024-10-11 07:41:47.886216+00,2024-10-15 04:46:35.656535+00,45598,0,t,3689,-1788656838,1111111111101011
418,4698828,2024-10-11 08:20:02.146178+00,2024-10-11 07:41:47.886216+00,2024-10-15 04:46:54.575612+00,45598,1,t,3690,-1788637919,1111111111101111
423,4698889,2024-10-11 08:20:02.146178+00,2024-10-11 07:41:47.886216+00,2024-10-15 04:47:45.848865+00,45600,1,t,3691,-1788586646,1111111111111111
428,4699163,2024-10-11 08:20:02.146178+00,2024-10-11 07:41:47.886216+00,2024-10-15 04:50:34.303616+00,11-0,0,t,3692,-1788418191,1111111111111110
429,4699204,2024-10-11 08:20:02.146178+00,2024-10-11 07:41:47.886216+00,2024-10-15 04:50:50.780053+00,11-0,1,t,3693,-1788401715,1111111111111111
442,4708106,2024-10-11 08:20:02.146178+00,2024-10-11 07:41:47.886216+00,2024-10-15 07:18:02.939598+00,45600,0,t,3694,-1779569569,1111111111101111
443,4708140,2024-10-11 08:20:02.146178+00,2024-10-11 07:41:47.886216+00,2024-10-15 07:18:22.529269+00,45600,1,t,3695,-1779549979,1111111111111111
448,4755382,2024-10-11 08:20:02.146178+00,2024-10-11 07:41:47.886216+00,2024-10-15 23:33:10.920944+00,45598,0,t,3696,-1721061675,1111111111111011
449,4755383,2024-10-11 08:20:02.146178+00,2024-10-11 07:41:47.886216+00,2024-10-15 23:33:49.645631+00,45598,1,t,3697,-1721022950,1111111111111111
451,4755395,2024-10-11 08:20:02.146178+00,2024-10-11 07:41:47.886216+00,2024-10-15 23:34:15.440579+00,45598,0,t,3698,-1720997155,1111111111111011
455,4755449,2024-10-11 08:20:02.146178+00,2024-10-11 07:41:47.886216+00,2024-10-15 23:34:52.033115+00,45598,1,t,3699,-1720960563,1111111111111111
460,4755574,2024-10-11 08:20:02.146178+00,2024-10-11 07:41:47.886216+00,2024-10-15 23:36:23.835034+00,45600,0,t,3700,-1720868761,1111111111101111
461,4755576,2024-10-11 08:20:02.146178+00,2024-10-11 07:41:47.886216+00,2024-10-15 23:36:43.971277+00,45600,1,t,3701,-1720848625,1111111111111111
463,4755582,2024-10-11 08:20:02.146178+00,2024-10-11 07:41:47.886216+00,2024-10-15 23:37:12.361687+00,45598,0,t,3702,-1720820234,1111111111111011
467,4755599,2024-10-11 08:20:02.146178+00,2024-10-11 07:41:47.886216+00,2024-10-15 23:37:30.937301+00,45598,1,t,3703,-1720801659,1111111111111111
472,4755783,2024-10-11 08:20:02.146178+00,2024-10-11 07:41:47.886216+00,2024-10-15 23:39:12.179665+00,45598,0,t,3704,-1720700417,1111111111111011
473,4755794,2024-10-11 08:20:02.146178+00,2024-10-11 07:41:47.886216+00,2024-10-15 23:39:30.772344+00,45598,1,t,3705,-1720681824,1111111111111111
485,4756046,2024-10-11 08:20:02.146178+00,2024-10-11 07:41:47.886216+00,2024-10-15 23:42:37.126954+00,45601,0,t,3706,-1720495470,1111111111011111
486,4756083,2024-10-11 08:20:02.146178+00,2024-10-11 07:41:47.886216+00,2024-10-15 23:42:47.298082+00,45601,1,t,3707,-1720485299,1111111111111111
488,4756108,2024-10-11 08:20:02.146178+00,2024-10-11 07:41:47.886216+00,2024-10-15 23:43:29.114973+00,45601,0,t,3708,-1720443482,1111111111011111
489,4756110,2024-10-11 08:20:02.146178+00,2024-10-11 07:41:47.886216+00,2024-10-15 23:43:39.267989+00,45601,1,t,3709,-1720433329,1111111111111111
490,4756196,2024-10-11 08:20:02.146178+00,2024-10-11 07:41:47.886216+00,2024-10-15 23:45:19.863816+00,45598,0,t,3710,-1720332733,1111111111111011
491,4756199,2024-10-11 08:20:02.146178+00,2024-10-11 07:41:47.886216+00,2024-10-15 23:45:32.199178+00,45598,1,t,3711,-1720320398,1111111111111111
492,4756211,2024-10-11 08:20:02.146178+00,2024-10-11 07:41:47.886216+00,2024-10-15 23:45:37.624616+00,45600,0,t,3712,-1720314972,1111111111101111
497,4756270,2024-10-11 08:20:02.146178+00,2024-10-11 07:41:47.886216+00,2024-10-15 23:46:23.399467+00,45600,1,t,3713,-1720269197,1111111111111111
498,4756325,2024-10-11 08:20:02.146178+00,2024-10-11 07:41:47.886216+00,2024-10-15 23:46:41.217336+00,45598,0,t,3714,-1720251380,1111111111111011
503,4756398,2024-10-11 08:20:02.146178+00,2024-10-11 07:41:47.886216+00,2024-10-15 23:47:29.349586+00,45600,0,t,3715,-1720203247,1111111111101011
504,4756433,2024-10-11 08:20:02.146178+00,2024-10-11 07:41:47.886216+00,2024-10-15 23:47:49.719905+00,45600,1,t,3716,-1720182877,1111111111111011
505,4756435,2024-10-11 08:20:02.146178+00,2024-10-11 07:41:47.886216+00,2024-10-15 23:47:56.091313+00,11-0,0,t,3717,-1720176506,1111111111111010
510,4756453,2024-10-11 08:20:02.146178+00,2024-10-11 07:41:47.886216+00,2024-10-15 23:48:35.307619+00,11-0,1,t,3718,-1720137290,1111111111111011
521,4756566,2024-10-11 08:20:02.146178+00,2024-10-11 07:41:47.886216+00,2024-10-15 23:50:21.830251+00,45597,0,t,3719,-1720030767,1111111111111001
522,4756571,2024-10-11 08:20:02.146178+00,2024-10-11 07:41:47.886216+00,2024-10-15 23:50:32.06554+00,45597,1,t,3720,-1720020532,1111111111111011
525,4756595,2024-10-11 08:20:02.146178+00,2024-10-11 07:41:47.886216+00,2024-10-15 23:51:14.485+00,45601,0,t,3721,-1719978112,1111111111011011
526,4756607,2024-10-11 08:20:02.146178+00,2024-10-11 07:41:47.886216+00,2024-10-15 23:51:24.656244+00,45601,1,t,3722,-1719967941,1111111111111011
527,4756608,2024-10-11 08:20:02.146178+00,2024-10-11 07:41:47.886216+00,2024-10-15 23:51:26.469013+00,45598,1,t,3723,-1719966128,1111111111111111
539,4756786,2024-10-11 08:20:02.146178+00,2024-10-11 07:41:47.886216+00,2024-10-15 23:54:01.5702+00,45597,0,t,3724,-1719811027,1111111111111101
540,4756795,2024-10-11 08:20:02.146178+00,2024-10-11 07:41:47.886216+00,2024-10-15 23:54:11.762451+00,45597,1,t,3725,-1719800835,1111111111111111
542,4756870,2024-10-11 08:20:02.146178+00,2024-10-11 07:41:47.886216+00,2024-10-15 23:54:49.669501+00,45601,0,t,3726,-1719762928,1111111111011111
543,4756878,2024-10-11 08:20:02.146178+00,2024-10-11 07:41:47.886216+00,2024-10-15 23:54:59.820579+00,45601,1,t,3727,-1719752777,1111111111111111
544,4756925,2024-10-11 08:20:02.146178+00,2024-10-11 07:41:47.886216+00,2024-10-15 23:55:37.028944+00,11-0,0,t,3728,-1719715569,1111111111111110
545,4756960,2024-10-11 08:20:02.146178+00,2024-10-11 07:41:47.886216+00,2024-10-15 23:55:50.789688+00,11-0,1,t,3729,-1719701808,1111111111111111
546,4756962,2024-10-11 08:20:02.146178+00,2024-10-11 07:41:47.886216+00,2024-10-15 23:56:09.573379+00,45600,0,t,3730,-1719683024,1111111111101111
548,4756964,2024-10-11 08:20:02.146178+00,2024-10-11 07:41:47.886216+00,2024-10-15 23:56:17.056886+00,45598,0,t,3731,-1719675541,1111111111101011
552,4756969,2024-10-11 08:20:02.146178+00,2024-10-11 07:41:47.886216+00,2024-10-15 23:56:38.813901+00,45600,1,t,3732,-1719653784,1111111111111011
556,4757005,2024-10-11 08:20:02.146178+00,2024-10-11 07:41:47.886216+00,2024-10-15 23:57:21.057074+00,11-0,0,t,3733,-1719611541,1111111111111010
558,4757039,2024-10-11 08:20:02.146178+00,2024-10-11 07:41:47.886216+00,2024-10-15 23:57:30.254287+00,45598,1,t,3734,-1719602344,1111111111111110
563,4757063,2024-10-11 08:20:02.146178+00,2024-10-11 07:41:47.886216+00,2024-10-15 23:58:15.952045+00,11-0,1,t,3735,-1719556646,1111111111111111
564,4757064,2024-10-11 08:20:02.146178+00,2024-10-11 07:41:47.886216+00,2024-10-15 23:58:16.8399+00,45600,0,t,3736,-1719555758,1111111111101111
573,4757153,2024-10-11 08:20:02.146178+00,2024-10-11 07:41:47.886216+00,2024-10-15 23:59:24.691848+00,45599,0,t,3737,-1719487906,1111111111100111
574,4757161,2024-10-11 08:20:02.146178+00,2024-10-11 07:41:47.886216+00,2024-10-15 23:59:33.91016+00,45600,1,t,3738,-1719478688,1111111111110111
575,4757162,2024-10-11 08:20:02.146178+00,2024-10-11 07:41:47.886216+00,2024-10-15 23:59:34.96021+00,45599,1,t,3739,-1719477638,1111111111111111
584,4757228,2024-10-11 08:20:02.146178+00,2024-10-11 07:41:47.886216+00,2024-10-16 00:00:45.317641+00,45597,0,t,3740,-1719407280,1111111111111101
585,4757235,2024-10-11 08:20:02.146178+00,2024-10-11 07:41:47.886216+00,2024-10-16 00:00:55.498805+00,45597,1,t,3741,-1719397099,1111111111111111
593,4757590,2024-10-11 08:20:02.146178+00,2024-10-11 07:41:47.886216+00,2024-10-16 00:05:06.601253+00,45599,0,t,3742,-1719145997,1111111111110111
594,4757600,2024-10-11 08:20:02.146178+00,2024-10-11 07:41:47.886216+00,2024-10-16 00:05:11.753519+00,11-0,0,t,3743,-1719140845,1111111111110110
595,4757615,2024-10-11 08:20:02.146178+00,2024-10-11 07:41:47.886216+00,2024-10-16 00:05:16.93363+00,45599,1,t,3744,-1719135665,1111111111111110
597,4757676,2024-10-11 08:20:02.146178+00,2024-10-11 07:41:47.886216+00,2024-10-16 00:05:54.008726+00,45597,0,t,3745,-1719098590,1111111111111100
598,4757709,2024-10-11 08:20:02.146178+00,2024-10-11 07:41:47.886216+00,2024-10-16 00:06:04.16088+00,45597,1,t,3746,-1719088438,1111111111111110
599,4757710,2024-10-11 08:20:02.146178+00,2024-10-11 07:41:47.886216+00,2024-10-16 00:06:04.27307+00,11-0,1,t,3747,-1719088326,1111111111111111
600,4757749,2024-10-11 08:20:02.146178+00,2024-10-11 07:41:47.886216+00,2024-10-16 00:06:23.205917+00,45598,0,t,3748,-1719069393,1111111111111011
605,4757817,2024-10-11 08:20:02.146178+00,2024-10-11 07:41:47.886216+00,2024-10-16 00:06:52.587364+00,45598,1,t,3749,-1719040011,1111111111111111
610,4758090,2024-10-11 08:20:02.146178+00,2024-10-11 07:41:47.886216+00,2024-10-16 00:11:09.954175+00,45600,0,t,3750,-1718782645,1111111111101111
611,4758131,2024-10-11 08:20:02.146178+00,2024-10-11 07:41:47.886216+00,2024-10-16 00:11:29.029173+00,45600,1,t,3751,-1718763570,1111111111111111
623,4758323,2024-10-11 08:20:02.146178+00,2024-10-11 07:41:47.886216+00,2024-10-16 00:13:14.794052+00,45597,0,t,3752,-1718657805,1111111111111101
624,4758324,2024-10-11 08:20:02.146178+00,2024-10-11 07:41:47.886216+00,2024-10-16 00:13:24.968229+00,45597,1,t,3753,-1718647631,1111111111111111
626,4758338,2024-10-11 08:20:02.146178+00,2024-10-11 07:41:47.886216+00,2024-10-16 00:14:05.88231+00,45601,0,t,3754,-1718606717,1111111111011111
627,4758357,2024-10-11 08:20:02.146178+00,2024-10-11 07:41:47.886216+00,2024-10-16 00:14:16.083544+00,45601,1,t,3755,-1718596516,1111111111111111
632,4758438,2024-10-11 08:20:02.146178+00,2024-10-11 07:41:47.886216+00,2024-10-16 00:15:01.231696+00,45597,0,t,3756,-1718551368,1111111111111101
633,4758454,2024-10-11 08:20:02.146178+00,2024-10-11 07:41:47.886216+00,2024-10-16 00:15:11.376141+00,45597,1,t,3757,-1718541223,1111111111111111
638,4758536,2024-10-11 08:20:02.146178+00,2024-10-11 07:41:47.886216+00,2024-10-16 00:16:26.50812+00,45601,0,t,3758,-1718466091,1111111111011111
639,4758551,2024-10-11 08:20:02.146178+00,2024-10-11 07:41:47.886216+00,2024-10-16 00:16:36.735394+00,45601,1,t,3759,-1718455864,1111111111111111
640,4758860,2024-10-11 08:20:02.146178+00,2024-10-11 07:41:47.886216+00,2024-10-16 00:20:18.351262+00,45600,0,t,3760,-1718234248,1111111111101111
641,4758861,2024-10-11 08:20:02.146178+00,2024-10-11 07:41:47.886216+00,2024-10-16 00:20:28.865756+00,45600,1,t,3761,-1718223734,1111111111111111
650,4759158,2024-10-11 08:20:02.146178+00,2024-10-11 07:41:47.886216+00,2024-10-16 00:24:30.176412+00,45601,0,t,3762,-1717982424,1111111111011111
651,4759162,2024-10-11 08:20:02.146178+00,2024-10-11 07:41:47.886216+00,2024-10-16 00:24:40.380672+00,45601,1,t,3763,-1717972219,1111111111111111
652,4759319,2024-10-11 08:20:02.146178+00,2024-10-11 07:41:47.886216+00,2024-10-16 00:26:10.323736+00,11-0,0,t,3764,-1717882276,1111111111111110
653,4759329,2024-10-11 08:20:02.146178+00,2024-10-11 07:41:47.886216+00,2024-10-16 00:26:24.220729+00,11-0,1,t,3765,-1717868380,1111111111111111
658,4759416,2024-10-11 08:20:02.146178+00,2024-10-11 07:41:47.886216+00,2024-10-16 00:27:23.953525+00,11-0,0,t,3766,-1717808647,1111111111111110
659,4759452,2024-10-11 08:20:02.146178+00,2024-10-11 07:41:47.886216+00,2024-10-16 00:27:40.377925+00,11-0,1,t,3767,-1717792222,1111111111111111
668,4759794,2024-10-11 08:20:02.146178+00,2024-10-11 07:41:47.886216+00,2024-10-16 00:32:18.145051+00,45599,0,t,3768,-1717514456,1111111111110111
669,4759803,2024-10-11 08:20:02.146178+00,2024-10-11 07:41:47.886216+00,2024-10-16 00:32:28.403318+00,45599,1,t,3769,-1717504197,1111111111111111
679,4760137,2024-10-11 08:20:02.146178+00,2024-10-11 07:41:47.886216+00,2024-10-16 00:35:59.533805+00,45599,0,t,3770,-1717293067,1111111111110111
681,4760147,2024-10-11 08:20:02.146178+00,2024-10-11 07:41:47.886216+00,2024-10-16 00:36:09.855065+00,45599,1,t,3771,-1717282746,1111111111111111
685,4760162,2024-10-11 08:20:02.146178+00,2024-10-11 07:41:47.886216+00,2024-10-16 00:36:48.220506+00,45597,0,t,3772,-1717244381,1111111111111101
686,4760163,2024-10-11 08:20:02.146178+00,2024-10-11 07:41:47.886216+00,2024-10-16 00:36:50.442705+00,11-0,0,t,3773,-1717242158,1111111111111100
687,4760180,2024-10-11 08:20:02.146178+00,2024-10-11 07:41:47.886216+00,2024-10-16 00:36:58.349731+00,45597,1,t,3774,-1717234251,1111111111111110
689,4760262,2024-10-11 08:20:02.146178+00,2024-10-11 07:41:47.886216+00,2024-10-16 00:37:33.693021+00,45599,0,t,3775,-1717198908,1111111111110110
690,4760303,2024-10-11 08:20:02.146178+00,2024-10-11 07:41:47.886216+00,2024-10-16 00:37:43.981304+00,45599,1,t,3776,-1717188620,1111111111111110
691,4760308,2024-10-11 08:20:02.146178+00,2024-10-11 07:41:47.886216+00,2024-10-16 00:37:45.710086+00,11-0,1,t,3777,-1717186891,1111111111111111
698,4762622,2024-10-11 08:20:02.146178+00,2024-10-11 07:41:47.886216+00,2024-10-16 01:02:03.387793+00,45600,0,t,3778,-1715729215,1111111111101111
699,4762631,2024-10-11 08:20:02.146178+00,2024-10-11 07:41:47.886216+00,2024-10-16 01:02:42.816205+00,45600,1,t,3779,-1715689787,1111111111111111
704,4762646,2024-10-11 08:20:02.146178+00,2024-10-11 07:41:47.886216+00,2024-10-16 01:03:26.546109+00,45598,0,t,3780,-1715646057,1111111111111011
705,4762734,2024-10-11 08:20:02.146178+00,2024-10-11 07:41:47.886216+00,2024-10-16 01:04:05.526172+00,45598,1,t,3781,-1715607077,1111111111111111
710,4762821,2024-10-11 08:20:02.146178+00,2024-10-11 07:41:47.886216+00,2024-10-16 01:04:52.129863+00,11-0,0,t,3782,-1715560474,1111111111111110
711,4762852,2024-10-11 08:20:02.146178+00,2024-10-11 07:41:47.886216+00,2024-10-16 01:05:08.417096+00,11-0,1,t,3783,-1715544186,1111111111111111
716,4766965,2024-10-11 08:20:02.146178+00,2024-10-11 07:41:47.886216+00,2024-10-16 01:51:07.319914+00,11-0,0,t,3784,-1712785288,1111111111111110
717,4766992,2024-10-11 08:20:02.146178+00,2024-10-11 07:41:47.886216+00,2024-10-16 01:51:25.888513+00,11-0,1,t,3785,-1712766719,1111111111111111
724,4767149,2024-10-11 08:20:02.146178+00,2024-10-11 07:41:47.886216+00,2024-10-16 01:52:36.85053+00,45598,0,t,3787,-1712695757,1111111111101011
725,4767150,2024-10-11 08:20:02.146178+00,2024-10-11 07:41:47.886216+00,2024-10-16 01:52:36.85053+00,45600,0,t,3787,-1712695757,1111111111101011
726,4767161,2024-10-11 08:20:02.146178+00,2024-10-11 07:41:47.886216+00,2024-10-16 01:52:25.527178+00,45600,1,t,3786,-1712707080,1111111111111011
727,4767181,2024-10-11 08:20:02.146178+00,2024-10-11 07:41:47.886216+00,2024-10-16 01:53:03.379133+00,45598,1,t,3788,-1712669228,1111111111101111
728,4767182,2024-10-11 08:20:02.146178+00,2024-10-11 07:41:47.886216+00,2024-10-16 01:53:03.379133+00,45600,0,t,3788,-1712669228,1111111111101111
732,4767210,2024-10-11 08:20:02.146178+00,2024-10-11 07:41:47.886216+00,2024-10-16 01:53:40.954725+00,11-0,0,t,3789,-1712631653,1111111111101110
734,4767216,2024-10-11 08:20:02.146178+00,2024-10-11 07:41:47.886216+00,2024-10-16 01:53:49.986794+00,45600,1,t,3790,-1712622621,1111111111111110
739,4767241,2024-10-11 08:20:02.146178+00,2024-10-11 07:41:47.886216+00,2024-10-16 01:54:38.576527+00,11-0,1,t,3791,-1712574031,1111111111111111
740,4767257,2024-10-11 08:20:02.146178+00,2024-10-11 07:41:47.886216+00,2024-10-16 01:54:54.903823+00,45600,0,t,3792,-1712557704,1111111111101111
745,4767356,2024-10-11 08:20:02.146178+00,2024-10-11 07:41:47.886216+00,2024-10-16 01:55:28.305317+00,45600,1,t,3793,-1712524303,1111111111111111
752,4767386,2024-10-11 08:20:02.146178+00,2024-10-11 07:41:47.886216+00,2024-10-16 01:56:13.184171+00,45598,0,t,3794,-1712479424,1111111111111011
753,4767400,2024-10-11 08:20:02.146178+00,2024-10-11 07:41:47.886216+00,2024-10-16 01:56:39.522601+00,11-0,0,t,3795,-1712453085,1111111111111010
754,4767437,2024-10-11 08:20:02.146178+00,2024-10-11 07:41:47.886216+00,2024-10-16 01:56:51.145241+00,45598,1,t,3796,-1712441463,1111111111111110
759,4767518,2024-10-11 08:20:02.146178+00,2024-10-11 07:41:47.886216+00,2024-10-16 01:57:38.255383+00,11-0,1,t,3797,-1712394353,1111111111111111
766,4770666,2024-10-11 08:20:02.146178+00,2024-10-11 07:41:47.886216+00,2024-10-16 02:30:58.476727+00,45600,0,t,3798,-1710394138,1111111111101111
767,4770696,2024-10-11 08:20:02.146178+00,2024-10-11 07:41:47.886216+00,2024-10-16 02:31:17.271193+00,45600,1,t,3799,-1710375340,1111111111111111
776,4775279,2024-10-11 08:20:02.146178+00,2024-10-11 07:41:47.886216+00,2024-10-16 03:38:40.21183+00,45597,0,t,3800,-1706332405,1111111111111101
777,4775280,2024-10-11 08:20:02.146178+00,2024-10-11 07:41:47.886216+00,2024-10-16 03:38:50.377919+00,45597,1,t,3801,-1706322238,1111111111111111
778,4809983,2024-10-11 08:20:02.146178+00,2024-10-11 07:41:47.886216+00,2024-10-16 23:31:31.485936+00,11-0,0,t,3802,-1634761229,1111111111111110
779,4809984,2024-10-11 08:20:02.146178+00,2024-10-11 07:41:47.886216+00,2024-10-16 23:31:37.209852+00,45598,0,t,3803,-1634755506,1111111111111010
780,4809985,2024-10-11 08:20:02.146178+00,2024-10-11 07:41:47.886216+00,2024-10-16 23:31:41.776285+00,11-0,1,t,3804,-1634750939,1111111111111011
781,4809986,2024-10-11 08:20:02.146178+00,2024-10-11 07:41:47.886216+00,2024-10-16 23:31:42.134816+00,45600,0,t,3805,-1634750581,1111111111101011
786,4810004,2024-10-11 08:20:02.146178+00,2024-10-11 07:41:47.886216+00,2024-10-16 23:32:28.394981+00,45600,1,t,3806,-1634704321,1111111111111011
791,4810130,2024-10-11 08:20:02.146178+00,2024-10-11 07:41:47.886216+00,2024-10-16 23:33:18.159778+00,45598,1,t,3807,-1634654556,1111111111111111
792,4810174,2024-10-11 08:20:02.146178+00,2024-10-11 07:41:47.886216+00,2024-10-16 23:33:41.05001+00,45598,0,t,3808,-1634631666,1111111111111011
794,4810176,2024-10-11 08:20:02.146178+00,2024-10-11 07:41:47.886216+00,2024-10-16 23:33:45.922614+00,45600,0,t,3809,-1634626793,1111111111101011
798,4810191,2024-10-11 08:20:02.146178+00,2024-10-11 07:41:47.886216+00,2024-10-16 23:34:03.548216+00,45598,1,t,3810,-1634609167,1111111111101111
802,4810247,2024-10-11 08:20:02.146178+00,2024-10-11 07:41:47.886216+00,2024-10-16 23:34:26.476142+00,45598,0,t,3811,-1634586239,1111111111101011
808,4810277,2024-10-11 08:20:02.146178+00,2024-10-11 07:41:47.886216+00,2024-10-16 23:35:13.703482+00,45597,0,t,3812,-1634539012,1111111111101001
809,4810284,2024-10-11 08:20:02.146178+00,2024-10-11 07:41:47.886216+00,2024-10-16 23:35:23.830618+00,45597,1,t,3813,-1634528885,1111111111101011
810,4810289,2024-10-11 08:20:02.146178+00,2024-10-11 07:41:47.886216+00,2024-10-16 23:35:25.515272+00,45600,1,t,3814,-1634527200,1111111111111011
822,4810414,2024-10-11 08:20:02.146178+00,2024-10-11 07:41:47.886216+00,2024-10-16 23:36:17.014877+00,45598,1,t,3815,-1634475701,1111111111111111
823,4810415,2024-10-11 08:20:02.146178+00,2024-10-11 07:41:47.886216+00,2024-10-16 23:36:39.881742+00,45598,0,t,3816,-1634452834,1111111111111011
824,4810416,2024-10-11 08:20:02.146178+00,2024-10-11 07:41:47.886216+00,2024-10-16 23:36:40.249149+00,45600,0,t,3817,-1634452467,1111111111101011
830,4810472,2024-10-11 08:20:02.146178+00,2024-10-11 07:41:47.886216+00,2024-10-16 23:37:28.122053+00,45601,0,t,3818,-1634404594,1111111111001011
831,4810475,2024-10-11 08:20:02.146178+00,2024-10-11 07:41:47.886216+00,2024-10-16 23:37:38.236196+00,45600,1,t,3819,-1634394480,1111111111011011
832,4810476,2024-10-11 08:20:02.146178+00,2024-10-11 07:41:47.886216+00,2024-10-16 23:37:38.306322+00,45601,1,t,3820,-1634394410,1111111111111011
837,4810542,2024-10-11 08:20:02.146178+00,2024-10-11 07:41:47.886216+00,2024-10-16 23:38:25.121167+00,45598,1,t,3821,-1634347595,1111111111111111
846,4811186,2024-10-11 08:20:02.146178+00,2024-10-11 07:41:47.886216+00,2024-10-16 23:45:37.956587+00,45601,0,t,3822,-1633914760,1111111111011111
850,4811204,2024-10-11 08:20:02.146178+00,2024-10-11 07:41:47.886216+00,2024-10-16 23:45:48.173893+00,45601,1,t,3823,-1633904543,1111111111111111
852,4811304,2024-10-11 08:20:02.146178+00,2024-10-11 07:41:47.886216+00,2024-10-16 23:46:26.796431+00,45597,0,t,3824,-1633865920,1111111111111101
853,4811325,2024-10-11 08:20:02.146178+00,2024-10-11 07:41:47.886216+00,2024-10-16 23:46:36.963586+00,45597,1,t,3825,-1633855753,1111111111111111
858,4811406,2024-10-11 08:20:02.146178+00,2024-10-11 07:41:47.886216+00,2024-10-16 23:48:27.78971+00,45601,0,t,3826,-1633744927,1111111111011111
859,4811437,2024-10-11 08:20:02.146178+00,2024-10-11 07:41:47.886216+00,2024-10-16 23:48:37.921912+00,45601,1,t,3827,-1633734795,1111111111111111
864,4811696,2024-10-11 08:20:02.146178+00,2024-10-11 07:41:47.886216+00,2024-10-16 23:51:10.279292+00,45597,0,t,3828,-1633582438,1111111111111101
865,4811701,2024-10-11 08:20:02.146178+00,2024-10-11 07:41:47.886216+00,2024-10-16 23:51:20.432485+00,45597,1,t,3829,-1633572284,1111111111111111
870,4811985,2024-10-11 08:20:02.146178+00,2024-10-11 07:41:47.886216+00,2024-10-16 23:54:34.55583+00,45599,0,t,3830,-1633378161,1111111111110111
871,4811988,2024-10-11 08:20:02.146178+00,2024-10-11 07:41:47.886216+00,2024-10-16 23:54:44.832115+00,45599,1,t,3831,-1633367885,1111111111111111
872,4811989,2024-10-11 08:20:02.146178+00,2024-10-11 07:41:47.886216+00,2024-10-16 23:54:56.776165+00,45600,0,t,3832,-1633355941,1111111111101111
873,4811990,2024-10-11 08:20:02.146178+00,2024-10-11 07:41:47.886216+00,2024-10-16 23:54:58.630995+00,11-0,0,t,3833,-1633354086,1111111111101110
874,4811996,2024-10-11 08:20:02.146178+00,2024-10-11 07:41:47.886216+00,2024-10-16 23:55:06.287674+00,45600,1,t,3834,-1633346430,1111111111111110
879,4812087,2024-10-11 08:20:02.146178+00,2024-10-11 07:41:47.886216+00,2024-10-16 23:55:53.662103+00,11-0,1,t,3835,-1633299055,1111111111111111
887,4812361,2024-10-11 08:20:02.146178+00,2024-10-11 07:41:47.886216+00,2024-10-16 23:59:01.218963+00,11-0,0,t,3836,-1633111499,1111111111111110
889,4812481,2024-10-11 08:20:02.146178+00,2024-10-11 07:41:47.886216+00,2024-10-16 23:59:36.867584+00,45601,0,t,3837,-1633075850,1111111111011110
890,4812488,2024-10-11 08:20:02.146178+00,2024-10-11 07:41:47.886216+00,2024-10-16 23:59:46.955552+00,45601,1,t,3838,-1633065762,1111111111111110
891,4812489,2024-10-11 08:20:02.146178+00,2024-10-11 07:41:47.886216+00,2024-10-16 23:59:50.285038+00,11-0,1,t,3839,-1633062433,1111111111111111
892,4812490,2024-10-11 08:20:02.146178+00,2024-10-11 07:41:47.886216+00,2024-10-16 23:59:58.060654+00,45600,0,t,3840,-1633054657,1111111111101111
897,4812516,2024-10-11 08:20:02.146178+00,2024-10-11 07:41:47.886216+00,2024-10-17 00:00:39.904663+00,45600,1,t,3841,-1633012813,1111111111111111
910,4812656,2024-10-11 08:20:02.146178+00,2024-10-11 07:41:47.886216+00,2024-10-17 00:02:24.799764+00,45601,0,t,3842,-1632907918,1111111111011111
911,4812703,2024-10-11 08:20:02.146178+00,2024-10-11 07:41:47.886216+00,2024-10-17 00:02:35.167081+00,45601,1,t,3843,-1632897551,1111111111111111
920,4812767,2024-10-11 08:20:02.146178+00,2024-10-11 07:41:47.886216+00,2024-10-17 00:04:02.039116+00,45597,0,t,3844,-1632810679,1111111111111101
921,4812791,2024-10-11 08:20:02.146178+00,2024-10-11 07:41:47.886216+00,2024-10-17 00:04:12.169269+00,45597,1,t,3845,-1632800549,1111111111111111
926,4812948,2024-10-11 08:20:02.146178+00,2024-10-11 07:41:47.886216+00,2024-10-17 00:05:36.223395+00,45599,0,t,3846,-1632716495,1111111111110111
927,4812958,2024-10-11 08:20:02.146178+00,2024-10-11 07:41:47.886216+00,2024-10-17 00:05:46.498688+00,45599,1,t,3847,-1632706219,1111111111111111
934,4813175,2024-10-11 08:20:02.146178+00,2024-10-11 07:41:47.886216+00,2024-10-17 00:08:04.40782+00,45601,0,t,3848,-1632568311,1111111111011111
935,4813228,2024-10-11 08:20:02.146178+00,2024-10-11 07:41:47.886216+00,2024-10-17 00:08:14.827236+00,45601,1,t,3849,-1632557891,1111111111111111
938,4813292,2024-10-11 08:20:02.146178+00,2024-10-11 07:41:47.886216+00,2024-10-17 00:08:51.968364+00,45599,0,t,3850,-1632520750,1111111111110111
939,4813319,2024-10-11 08:20:02.146178+00,2024-10-11 07:41:47.886216+00,2024-10-17 00:09:02.22586+00,45599,1,t,3851,-1632510493,1111111111111111
940,4813323,2024-10-11 08:20:02.146178+00,2024-10-11 07:41:47.886216+00,2024-10-17 00:09:17.962347+00,45600,0,t,3852,-1632494756,1111111111101111
941,4813345,2024-10-11 08:20:02.146178+00,2024-10-11 07:41:47.886216+00,2024-10-17 00:09:47.282781+00,45600,1,t,3853,-1632465436,1111111111111111
942,4813363,2024-10-11 08:20:02.146178+00,2024-10-11 07:41:47.886216+00,2024-10-17 00:10:07.49011+00,45598,0,t,3854,-1632445228,1111111111111011
947,4813382,2024-10-11 08:20:02.146178+00,2024-10-11 07:41:47.886216+00,2024-10-17 00:10:37.054678+00,45598,1,t,3855,-1632415664,1111111111111111
948,4813388,2024-10-11 08:20:02.146178+00,2024-10-11 07:41:47.886216+00,2024-10-17 00:10:48.205905+00,11-0,0,t,3856,-1632404513,1111111111111110
953,4813403,2024-10-11 08:20:02.146178+00,2024-10-11 07:41:47.886216+00,2024-10-17 00:11:25.762436+00,11-0,1,t,3857,-1632366956,1111111111111111
958,4813551,2024-10-11 08:20:02.146178+00,2024-10-11 07:41:47.886216+00,2024-10-17 00:13:23.271087+00,45600,0,t,3858,-1632249448,1111111111101111
959,4813573,2024-10-11 08:20:02.146178+00,2024-10-11 07:41:47.886216+00,2024-10-17 00:13:32.177112+00,11-0,0,t,3859,-1632240542,1111111111101110
960,4813607,2024-10-11 08:20:02.146178+00,2024-10-11 07:41:47.886216+00,2024-10-17 00:13:49.564405+00,11-0,1,t,3860,-1632223154,1111111111101111
965,4813647,2024-10-11 08:20:02.146178+00,2024-10-11 07:41:47.886216+00,2024-10-17 00:14:36.295228+00,45600,1,t,3861,-1632176424,1111111111111111
966,4813671,2024-10-11 08:20:02.146178+00,2024-10-11 07:41:47.886216+00,2024-10-17 00:14:59.251213+00,45600,0,t,3862,-1632153468,1111111111101111
971,4813738,2024-10-11 08:20:02.146178+00,2024-10-11 07:41:47.886216+00,2024-10-17 00:15:27.299381+00,45600,1,t,3863,-1632125420,1111111111111111
976,4813763,2024-10-11 08:20:02.146178+00,2024-10-11 07:41:47.886216+00,2024-10-17 00:16:47.763865+00,45600,0,t,3864,-1632044955,1111111111101111
981,4813875,2024-10-11 08:20:02.146178+00,2024-10-11 07:41:47.886216+00,2024-10-17 00:17:32.569838+00,45597,0,t,3865,-1632000149,1111111111101101
982,4813880,2024-10-11 08:20:02.146178+00,2024-10-11 07:41:47.886216+00,2024-10-17 00:17:42.741935+00,45597,1,t,3866,-1631989977,1111111111101111
983,4813889,2024-10-11 08:20:02.146178+00,2024-10-11 07:41:47.886216+00,2024-10-17 00:17:44.478725+00,45600,1,t,3867,-1631988240,1111111111111111
992,4813986,2024-10-11 08:20:02.146178+00,2024-10-11 07:41:47.886216+00,2024-10-17 00:19:20.377805+00,11-0,0,t,3868,-1631892342,1111111111111110
993,4813987,2024-10-11 08:20:02.146178+00,2024-10-11 07:41:47.886216+00,2024-10-17 00:19:23.48282+00,45601,0,t,3869,-1631889236,1111111111011110
994,4814006,2024-10-11 08:20:02.146178+00,2024-10-11 07:41:47.886216+00,2024-10-17 00:19:33.855168+00,45601,1,t,3870,-1631878864,1111111111111110
995,4814020,2024-10-11 08:20:02.146178+00,2024-10-11 07:41:47.886216+00,2024-10-17 00:19:36.950265+00,11-0,1,t,3871,-1631875769,1111111111111111
1004,4814296,2024-10-11 08:20:02.146178+00,2024-10-11 07:41:47.886216+00,2024-10-17 00:22:41.3709+00,45599,0,t,3872,-1631691349,1111111111110111
1005,4814307,2024-10-11 08:20:02.146178+00,2024-10-11 07:41:47.886216+00,2024-10-17 00:22:51.674201+00,45599,1,t,3873,-1631681045,1111111111111111
1006,4814530,2024-10-11 08:20:02.146178+00,2024-10-11 07:41:47.886216+00,2024-10-17 00:25:06.06588+00,11-0,0,t,3874,-1631546654,1111111111111110
1007,4814550,2024-10-11 08:20:02.146178+00,2024-10-11 07:41:47.886216+00,2024-10-17 00:25:37.726628+00,11-0,1,t,3875,-1631514993,1111111111111111
1014,4814767,2024-10-11 08:20:02.146178+00,2024-10-11 07:41:47.886216+00,2024-10-17 00:27:26.230193+00,45598,0,t,3876,-1631406490,1111111111111011
1015,4814769,2024-10-11 08:20:02.146178+00,2024-10-11 07:41:47.886216+00,2024-10-17 00:27:45.404445+00,45598,1,t,3877,-1631387316,1111111111111111
1024,4815090,2024-10-11 08:20:02.146178+00,2024-10-11 07:41:47.886216+00,2024-10-17 00:31:38.566862+00,11-0,0,t,3878,-1631154153,1111111111111110
1025,4815147,2024-10-11 08:20:02.146178+00,2024-10-11 07:41:47.886216+00,2024-10-17 00:32:11.378704+00,45601,0,t,3879,-1631121342,1111111111011110
1026,4815230,2024-10-11 08:20:02.146178+00,2024-10-11 07:41:47.886216+00,2024-10-17 00:32:21.674868+00,45601,1,t,3880,-1631111045,1111111111111110
1027,4815233,2024-10-11 08:20:02.146178+00,2024-10-11 07:41:47.886216+00,2024-10-17 00:32:24.848347+00,11-0,1,t,3881,-1631107872,1111111111111111
1032,4815530,2024-10-11 08:20:02.146178+00,2024-10-11 07:41:47.886216+00,2024-10-17 00:35:13.15975+00,45598,0,t,3882,-1630939561,1111111111111011
1033,4815632,2024-10-11 08:20:02.146178+00,2024-10-11 07:41:47.886216+00,2024-10-17 00:35:30.917578+00,45598,1,t,3883,-1630921803,1111111111111111
1044,4815722,2024-10-11 08:20:02.146178+00,2024-10-11 07:41:47.886216+00,2024-10-17 00:36:47.19993+00,45601,0,t,3884,-1630845521,1111111111011111
1045,4815723,2024-10-11 08:20:02.146178+00,2024-10-11 07:41:47.886216+00,2024-10-17 00:36:57.583313+00,45601,1,t,3885,-1630835137,1111111111111111
1046,4815736,2024-10-11 08:20:02.146178+00,2024-10-11 07:41:47.886216+00,2024-10-17 00:37:17.557288+00,45598,0,t,3886,-1630815163,1111111111111011
1047,4815749,2024-10-11 08:20:02.146178+00,2024-10-11 07:41:47.886216+00,2024-10-17 00:37:30.004752+00,45598,1,t,3887,-1630802716,1111111111111111
1052,4815923,2024-10-11 08:20:02.146178+00,2024-10-11 07:41:47.886216+00,2024-10-17 00:39:45.598541+00,11-0,0,t,3888,-1630667122,1111111111111110
1053,4815947,2024-10-11 08:20:02.146178+00,2024-10-11 07:41:47.886216+00,2024-10-17 00:40:02.115076+00,11-0,1,t,3889,-1630650606,1111111111111111
1062,4816198,2024-10-11 08:20:02.146178+00,2024-10-11 07:41:47.886216+00,2024-10-17 00:42:24.692969+00,45599,0,t,3890,-1630508028,1111111111110111
1063,4816209,2024-10-11 08:20:02.146178+00,2024-10-11 07:41:47.886216+00,2024-10-17 00:42:34.997184+00,45599,1,t,3891,-1630497724,1111111111111111
1070,4816553,2024-10-11 08:20:02.146178+00,2024-10-11 07:41:47.886216+00,2024-10-17 00:46:55.771395+00,45601,0,t,3892,-1630236950,1111111111011111
1071,4816563,2024-10-11 08:20:02.146178+00,2024-10-11 07:41:47.886216+00,2024-10-17 00:47:06.167763+00,45601,1,t,3893,-1630226554,1111111111111111
1072,4816576,2024-10-11 08:20:02.146178+00,2024-10-11 07:41:47.886216+00,2024-10-17 00:47:31.595155+00,11-0,0,t,3894,-1630201126,1111111111111110
1073,4816585,2024-10-11 08:20:02.146178+00,2024-10-11 07:41:47.886216+00,2024-10-17 00:47:45.542186+00,11-0,1,t,3895,-1630187179,1111111111111111
1082,4816699,2024-10-11 08:20:02.146178+00,2024-10-11 07:41:47.886216+00,2024-10-17 00:49:04.033893+00,45599,0,t,3896,-1630108688,1111111111110111
1083,4816715,2024-10-11 08:20:02.146178+00,2024-10-11 07:41:47.886216+00,2024-10-17 00:49:14.350254+00,45599,1,t,3897,-1630098372,1111111111111111
1084,4817279,2024-10-11 08:20:02.146178+00,2024-10-11 07:41:47.886216+00,2024-10-17 00:54:45.686957+00,45600,0,t,3898,-1629767035,1111111111101111
1085,4817327,2024-10-11 08:20:02.146178+00,2024-10-11 07:41:47.886216+00,2024-10-17 00:54:55.120351+00,45600,1,t,3899,-1629757602,1111111111111111
1088,4817337,2024-10-11 08:20:02.146178+00,2024-10-11 07:41:47.886216+00,2024-10-17 00:55:17.959237+00,45598,0,t,3900,-1629734763,1111111111111011
1095,4817457,2024-10-11 08:20:02.146178+00,2024-10-11 07:41:47.886216+00,2024-10-17 00:56:09.647842+00,45601,0,t,3901,-1629683074,1111111111011011
1096,4817475,2024-10-11 08:20:02.146178+00,2024-10-11 07:41:47.886216+00,2024-10-17 00:56:19.976308+00,45601,1,t,3902,-1629672746,1111111111111011
1097,4817480,2024-10-11 08:20:02.146178+00,2024-10-11 07:41:47.886216+00,2024-10-17 00:56:21.744149+00,45598,1,t,3903,-1629670978,1111111111111111
1098,4817482,2024-10-11 08:20:02.146178+00,2024-10-11 07:41:47.886216+00,2024-10-17 00:56:44.638078+00,45598,0,t,3904,-1629648084,1111111111111011
1103,4817530,2024-10-11 08:20:02.146178+00,2024-10-11 07:41:47.886216+00,2024-10-17 00:57:07.296732+00,45598,1,t,3905,-1629625426,1111111111111111
1112,4817670,2024-10-11 08:20:02.146178+00,2024-10-11 07:41:47.886216+00,2024-10-17 00:58:46.223775+00,45598,0,t,3906,-1629526499,1111111111111011
1113,4817696,2024-10-11 08:20:02.146178+00,2024-10-11 07:41:47.886216+00,2024-10-17 00:59:23.815418+00,45598,1,t,3907,-1629488907,1111111111111111
1118,4817768,2024-10-11 08:20:02.146178+00,2024-10-11 07:41:47.886216+00,2024-10-17 01:00:43.648351+00,45598,0,t,3908,-1629409074,1111111111111011
1119,4817798,2024-10-11 08:20:02.146178+00,2024-10-11 07:41:47.886216+00,2024-10-17 01:01:00.84669+00,45600,0,t,3909,-1629391876,1111111111101011
1120,4817863,2024-10-11 08:20:02.146178+00,2024-10-11 07:41:47.886216+00,2024-10-17 01:01:19.58631+00,45600,1,t,3910,-1629373136,1111111111111011
1125,4817925,2024-10-11 08:20:02.146178+00,2024-10-11 07:41:47.886216+00,2024-10-17 01:02:07.983825+00,45598,1,t,3911,-1629324739,1111111111111111
1130,4817957,2024-10-11 08:20:02.146178+00,2024-10-11 07:41:47.886216+00,2024-10-17 01:03:26.198262+00,11-0,0,t,3912,-1629246525,1111111111111110
1131,4817966,2024-10-11 08:20:02.146178+00,2024-10-11 07:41:47.886216+00,2024-10-17 01:03:44.062953+00,11-0,1,t,3913,-1629228660,1111111111111111
1136,4818454,2024-10-11 08:20:02.146178+00,2024-10-11 07:41:47.886216+00,2024-10-17 01:09:34.706111+00,45598,0,t,3914,-1628878017,1111111111111011
1137,4818466,2024-10-11 08:20:02.146178+00,2024-10-11 07:41:47.886216+00,2024-10-17 01:09:54.583035+00,45598,1,t,3915,-1628858140,1111111111111111
1146,4818802,2024-10-11 08:20:02.146178+00,2024-10-11 07:41:47.886216+00,2024-10-17 01:14:09.449225+00,45599,0,t,3916,-1628603274,1111111111110111
1147,4818806,2024-10-11 08:20:02.146178+00,2024-10-11 07:41:47.886216+00,2024-10-17 01:14:19.866652+00,45599,1,t,3917,-1628592857,1111111111111111
1148,4820962,2024-10-11 08:20:02.146178+00,2024-10-11 07:41:47.886216+00,2024-10-17 01:49:01.487173+00,11-0,0,t,3918,-1626511239,1111111111111110
1149,4820983,2024-10-11 08:20:02.146178+00,2024-10-11 07:41:47.886216+00,2024-10-17 01:49:33.117901+00,11-0,1,t,3919,-1626479609,1111111111111111
1150,4821001,2024-10-11 08:20:02.146178+00,2024-10-11 07:41:47.886216+00,2024-10-17 01:49:53.0386+00,45598,0,t,3920,-1626459688,1111111111111011
1157,4821083,2024-10-11 08:20:02.146178+00,2024-10-11 07:41:47.886216+00,2024-10-17 01:50:13.783563+00,45600,0,t,3921,-1626438943,1111111111101011
1158,4821084,2024-10-11 08:20:02.146178+00,2024-10-11 07:41:47.886216+00,2024-10-17 01:50:31.549225+00,45598,1,t,3922,-1626421177,1111111111101111
1162,4821106,2024-10-11 08:20:02.146178+00,2024-10-11 07:41:47.886216+00,2024-10-17 01:51:00.603424+00,11-0,0,t,3923,-1626392123,1111111111101110
1164,4821121,2024-10-11 08:20:02.146178+00,2024-10-11 07:41:47.886216+00,2024-10-17 01:51:18.204125+00,45600,1,t,3924,-1626374523,1111111111111110
1169,4821159,2024-10-11 08:20:02.146178+00,2024-10-11 07:41:47.886216+00,2024-10-17 01:52:05.455392+00,11-0,1,t,3925,-1626327271,1111111111111111
1170,4821168,2024-10-11 08:20:02.146178+00,2024-10-11 07:41:47.886216+00,2024-10-17 01:52:22.028047+00,45600,0,t,3926,-1626310699,1111111111101111
1175,4821274,2024-10-11 08:20:02.146178+00,2024-10-11 07:41:47.886216+00,2024-10-17 01:52:50.701752+00,45600,1,t,3927,-1626282025,1111111111111111
1180,4821387,2024-10-11 08:20:02.146178+00,2024-10-11 07:41:47.886216+00,2024-10-17 01:53:56.438558+00,45600,0,t,3928,-1626216289,1111111111101111
1181,4821441,2024-10-11 08:20:02.146178+00,2024-10-11 07:41:47.886216+00,2024-10-17 01:54:16.066217+00,45600,1,t,3929,-1626196661,1111111111111111
1182,4821442,2024-10-11 08:20:02.146178+00,2024-10-11 07:41:47.886216+00,2024-10-17 01:54:17.490642+00,11-0,0,t,3930,-1626195236,1111111111111110
1187,4821481,2024-10-11 08:20:02.146178+00,2024-10-11 07:41:47.886216+00,2024-10-17 01:55:06.107308+00,11-0,1,t,3931,-1626146620,1111111111111111
1192,4821512,2024-10-11 08:20:02.146178+00,2024-10-11 07:41:47.886216+00,2024-10-17 01:55:55.830135+00,45600,0,t,3932,-1626096897,1111111111101111
1193,4821517,2024-10-11 08:20:02.146178+00,2024-10-11 07:41:47.886216+00,2024-10-17 01:56:35.762961+00,45600,1,t,3933,-1626056964,1111111111111111
1198,4821555,2024-10-11 08:20:02.146178+00,2024-10-11 07:41:47.886216+00,2024-10-17 01:58:03.137613+00,45600,0,t,3934,-1625969590,1111111111101111
1199,4821572,2024-10-11 08:20:02.146178+00,2024-10-11 07:41:47.886216+00,2024-10-17 01:58:22.244807+00,45600,1,t,3935,-1625950483,1111111111111111
1208,4824084,2024-10-11 08:20:02.146178+00,2024-10-11 07:41:47.886216+00,2024-10-17 02:35:06.106661+00,45599,0,t,3936,-1623746624,1111111111110111
1209,4824086,2024-10-11 08:20:02.146178+00,2024-10-11 07:41:47.886216+00,2024-10-17 02:35:16.349949+00,45599,1,t,3937,-1623736381,1111111111111111
1210,4829913,2024-10-11 08:20:02.146178+00,2024-10-11 07:41:47.886216+00,2024-10-17 03:56:09.9266+00,45598,0,t,3938,-1618882811,1111111111111011
1215,4831490,2024-10-11 08:20:02.146178+00,2024-10-11 07:41:47.886216+00,2024-10-17 04:36:19.043209+00,45598,1,t,3940,-1616473698,1111111111101111
1216,4831491,2024-10-11 08:20:02.146178+00,2024-10-11 07:41:47.886216+00,2024-10-17 04:36:19.043209+00,45600,0,t,3940,-1616473698,1111111111101111
1217,4831526,2024-10-11 08:20:02.146178+00,2024-10-11 07:41:47.886216+00,2024-10-17 04:36:50.868217+00,11-0,0,t,3941,-1616441873,1111111111101110
1218,4831534,2024-10-11 08:20:02.146178+00,2024-10-11 07:41:47.886216+00,2024-10-17 04:36:58.106494+00,45600,1,t,3942,-1616434635,1111111111111110
1223,4831606,2024-10-11 08:20:02.146178+00,2024-10-11 07:41:47.886216+00,2024-10-17 04:37:46.775256+00,11-0,1,t,3943,-1616385966,1111111111111111
1228,4831654,2024-10-11 08:20:02.146178+00,2024-10-11 07:41:47.886216+00,2024-10-17 04:39:13.049655+00,45598,0,t,3944,-1616299692,1111111111111011
1229,4831658,2024-10-11 08:20:02.146178+00,2024-10-11 07:41:47.886216+00,2024-10-17 04:39:30.925373+00,45598,1,t,3945,-1616281816,1111111111111111
1236,4831705,2024-10-11 08:20:02.146178+00,2024-10-11 07:41:47.886216+00,2024-10-17 04:41:06.03073+00,11-0,0,t,3946,-1616186711,1111111111111110
1237,4831713,2024-10-11 08:20:02.146178+00,2024-10-11 07:41:47.886216+00,2024-10-17 04:41:23.242941+00,45600,0,t,3947,-1616169499,1111111111101110
1238,4831714,2024-10-11 08:20:02.146178+00,2024-10-11 07:41:47.886216+00,2024-10-17 04:41:23.286519+00,11-0,1,t,3948,-1616169487,1111111111101111
1243,4831733,2024-10-11 08:20:02.146178+00,2024-10-11 07:41:47.886216+00,2024-10-17 04:42:12.951763+00,45600,1,t,3949,-1616119790,1111111111111111
1248,4831765,2024-10-11 08:20:02.146178+00,2024-10-11 07:41:47.886216+00,2024-10-17 04:43:54.268281+00,45598,0,t,3950,-1616018474,1111111111111011
1249,4831767,2024-10-11 08:20:02.146178+00,2024-10-11 07:41:47.886216+00,2024-10-17 04:44:13.356386+00,45598,1,t,3951,-1615999386,1111111111111111
1250,4831784,2024-10-11 08:20:02.146178+00,2024-10-11 07:41:47.886216+00,2024-10-17 04:44:27.656598+00,11-0,0,t,3952,-1615985085,1111111111111110
1255,4831845,2024-10-11 08:20:02.146178+00,2024-10-11 07:41:47.886216+00,2024-10-17 04:45:05.426495+00,11-0,1,t,3953,-1615947316,1111111111111111
1264,4831941,2024-10-11 08:20:02.146178+00,2024-10-11 07:41:47.886216+00,2024-10-17 04:46:55.578755+00,45599,0,t,3954,-1615837163,1111111111110111
1265,4831942,2024-10-11 08:20:02.146178+00,2024-10-11 07:41:47.886216+00,2024-10-17 04:46:59.270446+00,45600,0,t,3955,-1615833472,1111111111100111
1266,4831943,2024-10-11 08:20:02.146178+00,2024-10-11 07:41:47.886216+00,2024-10-17 04:47:00.932211+00,45599,1,t,3956,-1615831810,1111111111101111
1267,4831944,2024-10-11 08:20:02.146178+00,2024-10-11 07:41:47.886216+00,2024-10-17 04:47:08.73706+00,45600,1,t,3957,-1615824005,1111111111111111
1281,4832507,2024-10-11 08:20:02.146178+00,2024-10-11 07:41:47.886216+00,2024-10-17 04:53:06.794548+00,45601,0,t,3958,-1615465948,1111111111011111
1284,4832522,2024-10-11 08:20:02.146178+00,2024-10-11 07:41:47.886216+00,2024-10-17 04:53:17.229928+00,45601,1,t,3959,-1615455513,1111111111111111
1286,4832546,2024-10-11 08:20:02.146178+00,2024-10-11 07:41:47.886216+00,2024-10-17 04:53:54.27016+00,45599,0,t,3960,-1615418473,1111111111110111
1287,4832565,2024-10-11 08:20:02.146178+00,2024-10-11 07:41:47.886216+00,2024-10-17 04:54:04.518365+00,45599,1,t,3961,-1615408224,1111111111111111
1294,4832698,2024-10-11 08:20:02.146178+00,2024-10-11 07:41:47.886216+00,2024-10-17 04:54:41.837819+00,45597,0,t,3962,-1615370905,1111111111111101
1295,4832708,2024-10-11 08:20:02.146178+00,2024-10-11 07:41:47.886216+00,2024-10-17 04:54:52.001928+00,45597,1,t,3963,-1615360741,1111111111111111
1298,4832765,2024-10-11 08:20:02.146178+00,2024-10-11 07:41:47.886216+00,2024-10-17 04:55:35.861925+00,45601,0,t,3964,-1615316881,1111111111011111
1302,4832769,2024-10-11 08:20:02.146178+00,2024-10-11 07:41:47.886216+00,2024-10-17 04:55:46.272294+00,45601,1,t,3965,-1615306471,1111111111111111
1306,4832788,2024-10-11 08:20:02.146178+00,2024-10-11 07:41:47.886216+00,2024-10-17 04:56:26.636688+00,45599,0,t,3966,-1615266106,1111111111110111
1307,4832794,2024-10-11 08:20:02.146178+00,2024-10-11 07:41:47.886216+00,2024-10-17 04:56:36.909931+00,45599,1,t,3967,-1615255833,1111111111111111
1313,4832855,2024-10-11 08:20:02.146178+00,2024-10-11 07:41:47.886216+00,2024-10-17 04:57:11.093204+00,45597,0,t,3968,-1615221650,1111111111111101
1314,4832864,2024-10-11 08:20:02.146178+00,2024-10-11 07:41:47.886216+00,2024-10-17 04:57:21.223436+00,45597,1,t,3969,-1615211520,1111111111111111
1316,4833083,2024-10-11 08:20:02.146178+00,2024-10-11 07:41:47.886216+00,2024-10-17 04:58:03.603783+00,45599,0,t,3970,-1615169139,1111111111110111
1317,4833084,2024-10-11 08:20:02.146178+00,2024-10-11 07:41:47.886216+00,2024-10-17 04:58:13.861132+00,45599,1,t,3971,-1615158882,1111111111111111
1318,4834267,2024-10-11 08:20:02.146178+00,2024-10-11 07:41:47.886216+00,2024-10-17 05:14:10.87949+00,11-0,0,t,3972,-1614201865,1111111111111110
1319,4834303,2024-10-11 08:20:02.146178+00,2024-10-11 07:41:47.886216+00,2024-10-17 05:14:42.890594+00,11-0,1,t,3973,-1614169854,1111111111111111
1324,4872467,2024-10-11 08:20:02.146178+00,2024-10-11 07:41:47.886216+00,2024-10-17 23:21:06.415742+00,45600,0,t,3974,-1548986430,1111111111101111
1325,4872477,2024-10-11 08:20:02.146178+00,2024-10-11 07:41:47.886216+00,2024-10-17 23:21:24.001315+00,11-0,0,t,3975,-1548968844,1111111111101110
1326,4872487,2024-10-11 08:20:02.146178+00,2024-10-11 07:41:47.886216+00,2024-10-17 23:21:26.502891+00,45600,1,t,3976,-1548966343,1111111111111110
1333,4872572,2024-10-11 08:20:02.146178+00,2024-10-11 07:41:47.886216+00,2024-10-17 23:22:05.640105+00,45600,0,t,3977,-1548927205,1111111111101110
1336,4872577,2024-10-11 08:20:02.146178+00,2024-10-11 07:41:47.886216+00,2024-10-17 23:22:12.18554+00,11-0,1,t,3978,-1548920660,1111111111101111
1341,4872606,2024-10-11 08:20:02.146178+00,2024-10-11 07:41:47.886216+00,2024-10-17 23:23:00.309918+00,45600,1,t,3979,-1548872536,1111111111111111
1346,4872670,2024-10-11 08:20:02.146178+00,2024-10-11 07:41:47.886216+00,2024-10-17 23:24:05.148667+00,45600,0,t,3980,-1548807697,1111111111101111
1347,4872693,2024-10-11 08:20:02.146178+00,2024-10-11 07:41:47.886216+00,2024-10-17 23:25:05.188921+00,45600,1,t,3981,-1548747657,1111111111111111
1348,4872775,2024-10-11 08:20:02.146178+00,2024-10-11 07:41:47.886216+00,2024-10-17 23:25:26.378133+00,11-0,0,t,3982,-1548726468,1111111111111110
1353,4872809,2024-10-11 08:20:02.146178+00,2024-10-11 07:41:47.886216+00,2024-10-17 23:26:35.444315+00,45600,0,t,3983,-1548657402,1111111111101110
1362,4872900,2024-10-11 08:20:02.146178+00,2024-10-11 07:41:47.886216+00,2024-10-17 23:27:49.703625+00,45597,0,t,3984,-1548583142,1111111111101100
1363,4872910,2024-10-11 08:20:02.146178+00,2024-10-11 07:41:47.886216+00,2024-10-17 23:28:00.331252+00,45597,1,t,3985,-1548572515,1111111111101110
1364,4872911,2024-10-11 08:20:02.146178+00,2024-10-11 07:41:47.886216+00,2024-10-17 23:28:01.435427+00,45600,1,t,3986,-1548571411,1111111111111110
1370,4872989,2024-10-11 08:20:02.146178+00,2024-10-11 07:41:47.886216+00,2024-10-17 23:28:33.354419+00,45600,0,t,3987,-1548539492,1111111111101110
1374,4872993,2024-10-11 08:20:02.146178+00,2024-10-11 07:41:47.886216+00,2024-10-17 23:29:13.787829+00,45601,0,t,3988,-1548499058,1111111111001110
1375,4872994,2024-10-11 08:20:02.146178+00,2024-10-11 07:41:47.886216+00,2024-10-17 23:29:23.905894+00,45600,1,t,3989,-1548488940,1111111111011110
1376,4872995,2024-10-11 08:20:02.146178+00,2024-10-11 07:41:47.886216+00,2024-10-17 23:29:24.040991+00,45601,1,t,3990,-1548488805,1111111111111110
1381,4873182,2024-10-11 08:20:02.146178+00,2024-10-11 07:41:47.886216+00,2024-10-17 23:32:14.039457+00,45600,0,t,3991,-1548318807,1111111111101110
1382,4873183,2024-10-11 08:20:02.146178+00,2024-10-11 07:41:47.886216+00,2024-10-17 23:32:34.271519+00,45600,1,t,3992,-1548298575,1111111111111110
1393,4873269,2024-10-11 08:20:02.146178+00,2024-10-11 07:41:47.886216+00,2024-10-17 23:34:06.090528+00,45599,0,t,3993,-1548206756,1111111111110110
1394,4873288,2024-10-11 08:20:02.146178+00,2024-10-11 07:41:47.886216+00,2024-10-17 23:34:16.413913+00,45599,1,t,3994,-1548196433,1111111111111110
1395,4873337,2024-10-11 08:20:02.146178+00,2024-10-11 07:41:47.886216+00,2024-10-17 23:35:13.913568+00,45600,0,t,3995,-1548138933,1111111111101110
1400,4873410,2024-10-11 08:20:02.146178+00,2024-10-11 07:41:47.886216+00,2024-10-17 23:36:13.809549+00,45597,0,t,3996,-1548079037,1111111111101100
1401,4873411,2024-10-11 08:20:02.146178+00,2024-10-11 07:41:47.886216+00,2024-10-17 23:36:23.965726+00,45597,1,t,3997,-1548068881,1111111111101110
1402,4873412,2024-10-11 08:20:02.146178+00,2024-10-11 07:41:47.886216+00,2024-10-17 23:36:25.633317+00,45600,1,t,3998,-1548067213,1111111111111110
1411,4873485,2024-10-11 08:20:02.146178+00,2024-10-11 07:41:47.886216+00,2024-10-17 23:37:39.616448+00,45599,0,t,3999,-1547993230,1111111111110110
1412,4873502,2024-10-11 08:20:02.146178+00,2024-10-11 07:41:47.886216+00,2024-10-17 23:37:49.939841+00,45599,1,t,4000,-1547982907,1111111111111110
1413,4873506,2024-10-11 08:20:02.146178+00,2024-10-11 07:41:47.886216+00,2024-10-17 23:37:51.624486+00,11-0,1,t,4001,-1547981222,1111111111111111
1414,4873528,2024-10-11 08:20:02.146178+00,2024-10-11 07:41:47.886216+00,2024-10-17 23:38:14.672599+00,11-0,0,t,4002,-1547958174,1111111111111110
1419,4873586,2024-10-11 08:20:02.146178+00,2024-10-11 07:41:47.886216+00,2024-10-17 23:38:39.049944+00,11-0,1,t,4003,-1547933797,1111111111111111
1428,4873708,2024-10-11 08:20:02.146178+00,2024-10-11 07:41:47.886216+00,2024-10-17 23:39:46.738633+00,45597,0,t,4004,-1547866108,1111111111111101
1429,4873714,2024-10-11 08:20:02.146178+00,2024-10-11 07:41:47.886216+00,2024-10-17 23:39:57.105108+00,45597,1,t,4005,-1547855742,1111111111111111
1434,4873765,2024-10-11 08:20:02.146178+00,2024-10-11 07:41:47.886216+00,2024-10-17 23:40:47.027096+00,45601,0,t,4006,-1547805820,1111111111011111
1435,4873766,2024-10-11 08:20:02.146178+00,2024-10-11 07:41:47.886216+00,2024-10-17 23:40:57.448525+00,45601,1,t,4007,-1547795399,1111111111111111
1440,4873986,2024-10-11 08:20:02.146178+00,2024-10-11 07:41:47.886216+00,2024-10-17 23:43:24.166454+00,45597,0,t,4008,-1547648681,1111111111111101
1441,4873987,2024-10-11 08:20:02.146178+00,2024-10-11 07:41:47.886216+00,2024-10-17 23:43:34.418722+00,45597,1,t,4009,-1547638429,1111111111111111
1442,4874024,2024-10-11 08:20:02.146178+00,2024-10-11 07:41:47.886216+00,2024-10-17 23:44:13.121688+00,11-0,0,t,4010,-1547599726,1111111111111110
1443,4874031,2024-10-11 08:20:02.146178+00,2024-10-11 07:41:47.886216+00,2024-10-17 23:44:23.597009+00,11-0,1,t,4011,-1547589250,1111111111111111
1444,4874040,2024-10-11 08:20:02.146178+00,2024-10-11 07:41:47.886216+00,2024-10-17 23:44:32.114535+00,45600,0,t,4012,-1547580733,1111111111101111
1449,4874107,2024-10-11 08:20:02.146178+00,2024-10-11 07:41:47.886216+00,2024-10-17 23:45:31.927436+00,45600,1,t,4013,-1547520920,1111111111111111
1458,4874153,2024-10-11 08:20:02.146178+00,2024-10-11 07:41:47.886216+00,2024-10-17 23:46:30.276824+00,11-0,0,t,4014,-1547462571,1111111111111110
1459,4874211,2024-10-11 08:20:02.146178+00,2024-10-11 07:41:47.886216+00,2024-10-17 23:46:47.520128+00,11-0,1,t,4015,-1547445328,1111111111111111
1460,4874218,2024-10-11 08:20:02.146178+00,2024-10-11 07:41:47.886216+00,2024-10-17 23:46:55.724397+00,45598,0,t,4016,-1547437123,1111111111111011
1468,4874307,2024-10-11 08:20:02.146178+00,2024-10-11 07:41:47.886216+00,2024-10-17 23:47:36.08477+00,45598,1,t,4017,-1547396763,1111111111111111
1474,4874421,2024-10-11 08:20:02.146178+00,2024-10-11 07:41:47.886216+00,2024-10-17 23:48:42.809626+00,45597,0,t,4018,-1547330038,1111111111111101
1475,4874437,2024-10-11 08:20:02.146178+00,2024-10-11 07:41:47.886216+00,2024-10-17 23:48:53.076878+00,45597,1,t,4019,-1547319771,1111111111111111
1476,4874496,2024-10-11 08:20:02.146178+00,2024-10-11 07:41:47.886216+00,2024-10-17 23:49:34.714629+00,45600,0,t,4020,-1547278133,1111111111101111
1477,4874503,2024-10-11 08:20:02.146178+00,2024-10-11 07:41:47.886216+00,2024-10-17 23:49:46.740659+00,45600,1,t,4021,-1547266107,1111111111111111
1478,4874504,2024-10-11 08:20:02.146178+00,2024-10-11 07:41:47.886216+00,2024-10-17 23:49:48.642592+00,45598,0,t,4022,-1547264205,1111111111111011
1489,4874589,2024-10-11 08:20:02.146178+00,2024-10-11 07:41:47.886216+00,2024-10-17 23:50:59.504444+00,45601,0,t,4023,-1547193344,1111111111011011
1490,4874597,2024-10-11 08:20:02.146178+00,2024-10-11 07:41:47.886216+00,2024-10-17 23:51:09.810789+00,45601,1,t,4024,-1547183037,1111111111111011
1491,4874598,2024-10-11 08:20:02.146178+00,2024-10-11 07:41:47.886216+00,2024-10-17 23:51:11.582632+00,45598,1,t,4025,-1547181265,1111111111111111
1492,4874680,2024-10-11 08:20:02.146178+00,2024-10-11 07:41:47.886216+00,2024-10-17 23:51:34.544581+00,45598,0,t,4026,-1547158304,1111111111111011
1497,4874785,2024-10-11 08:20:02.146178+00,2024-10-11 07:41:47.886216+00,2024-10-17 23:52:13.820954+00,45598,1,t,4027,-1547119027,1111111111111111
1506,4874824,2024-10-11 08:20:02.146178+00,2024-10-11 07:41:47.886216+00,2024-10-17 23:52:56.959073+00,11-0,0,t,4028,-1547075889,1111111111111110
1507,4874868,2024-10-11 08:20:02.146178+00,2024-10-11 07:41:47.886216+00,2024-10-17 23:53:21.778957+00,45601,0,t,4029,-1547051069,1111111111011110
1508,4874875,2024-10-11 08:20:02.146178+00,2024-10-11 07:41:47.886216+00,2024-10-17 23:53:32.127289+00,45601,1,t,4030,-1547040721,1111111111111110
1512,4874987,2024-10-11 08:20:02.146178+00,2024-10-11 07:41:47.886216+00,2024-10-17 23:55:12.242598+00,45598,0,t,4031,-1546940606,1111111111111010
1514,4874996,2024-10-11 08:20:02.146178+00,2024-10-11 07:41:47.886216+00,2024-10-17 23:55:43.019311+00,45597,0,t,4032,-1546909829,1111111111111000
1515,4874997,2024-10-11 08:20:02.146178+00,2024-10-11 07:41:47.886216+00,2024-10-17 23:55:52.460904+00,45598,1,t,4033,-1546900388,1111111111111100
1516,4874998,2024-10-11 08:20:02.146178+00,2024-10-11 07:41:47.886216+00,2024-10-17 23:55:53.248727+00,45597,1,t,4034,-1546899600,1111111111111110
1521,4875095,2024-10-11 08:20:02.146178+00,2024-10-11 07:41:47.886216+00,2024-10-17 23:56:41.455973+00,11-0,1,t,4035,-1546851393,1111111111111111
1522,4875106,2024-10-11 08:20:02.146178+00,2024-10-11 07:41:47.886216+00,2024-10-17 23:56:59.079573+00,45600,0,t,4036,-1546833769,1111111111101111
1523,4875107,2024-10-11 08:20:02.146178+00,2024-10-11 07:41:47.886216+00,2024-10-17 23:57:04.497049+00,11-0,0,t,4037,-1546828352,1111111111101110
1528,4875167,2024-10-11 08:20:02.146178+00,2024-10-11 07:41:47.886216+00,2024-10-17 23:57:29.495109+00,45600,1,t,4038,-1546803354,1111111111111110
1532,4875240,2024-10-11 08:20:02.146178+00,2024-10-11 07:41:47.886216+00,2024-10-17 23:58:08.320985+00,45600,0,t,4039,-1546764528,1111111111101110
1534,4875243,2024-10-11 08:20:02.146178+00,2024-10-11 07:41:47.886216+00,2024-10-17 23:58:16.664299+00,11-0,1,t,4040,-1546756184,1111111111101111
1536,4875302,2024-10-11 08:20:02.146178+00,2024-10-11 07:41:47.886216+00,2024-10-17 23:58:39.731482+00,11-0,0,t,4041,-1546733117,1111111111101110
1544,4875377,2024-10-11 08:20:02.146178+00,2024-10-11 07:41:47.886216+00,2024-10-17 23:59:36.145002+00,45597,0,t,4042,-1546676704,1111111111101100
1547,4875380,2024-10-11 08:20:02.146178+00,2024-10-11 07:41:47.886216+00,2024-10-17 23:59:46.420139+00,45597,1,t,4043,-1546666429,1111111111101110
1549,4875384,2024-10-11 08:20:02.146178+00,2024-10-11 07:41:47.886216+00,2024-10-17 23:59:47.935827+00,45600,1,t,4044,-1546664913,1111111111111110
1550,4875404,2024-10-11 08:20:02.146178+00,2024-10-11 07:41:47.886216+00,2024-10-18 00:00:13.24907+00,45600,0,t,4045,-1546639600,1111111111101110
1554,4875433,2024-10-11 08:20:02.146178+00,2024-10-11 07:41:47.886216+00,2024-10-18 00:00:29.003819+00,45598,0,t,4046,-1546623845,1111111111101010
1556,4875445,2024-10-11 08:20:02.146178+00,2024-10-11 07:41:47.886216+00,2024-10-18 00:00:35.301181+00,11-0,1,t,4047,-1546617548,1111111111101011
1559,4875449,2024-10-11 08:20:02.146178+00,2024-10-11 07:41:47.886216+00,2024-10-18 00:00:58.405288+00,11-0,0,t,4048,-1546594444,1111111111101010
1565,4875529,2024-10-11 08:20:02.146178+00,2024-10-11 07:41:47.886216+00,2024-10-18 00:01:47.356379+00,45601,0,t,4049,-1546545493,1111111111001010
1566,4875588,2024-10-11 08:20:02.146178+00,2024-10-11 07:41:47.886216+00,2024-10-18 00:01:57.639678+00,45601,1,t,4050,-1546535209,1111111111101010
1569,4875626,2024-10-11 08:20:02.146178+00,2024-10-11 07:41:47.886216+00,2024-10-18 00:02:37.556541+00,45597,0,t,4051,-1546495293,1111111111101000
1570,4875658,2024-10-11 08:20:02.146178+00,2024-10-11 07:41:47.886216+00,2024-10-18 00:02:47.812842+00,11-0,1,t,4052,-1546485036,1111111111101001
1571,4875659,2024-10-11 08:20:02.146178+00,2024-10-11 07:41:47.886216+00,2024-10-18 00:02:47.854487+00,45597,1,t,4053,-1546485034,1111111111101011
1579,4875713,2024-10-11 08:20:02.146178+00,2024-10-11 07:41:47.886216+00,2024-10-18 00:03:34.57168+00,45600,1,t,4054,-1546438277,1111111111111011
1585,4875855,2024-10-11 08:20:02.146178+00,2024-10-11 07:41:47.886216+00,2024-10-18 00:04:47.575838+00,45601,0,t,4055,-1546365273,1111111111011011
1586,4875861,2024-10-11 08:20:02.146178+00,2024-10-11 07:41:47.886216+00,2024-10-18 00:04:57.88919+00,45601,1,t,4056,-1546354960,1111111111111011
1587,4875866,2024-10-11 08:20:02.146178+00,2024-10-11 07:41:47.886216+00,2024-10-18 00:05:00.694975+00,45600,0,t,4057,-1546352154,1111111111101011
1588,4875911,2024-10-11 08:20:02.146178+00,2024-10-11 07:41:47.886216+00,2024-10-18 00:05:10.945248+00,45600,1,t,4058,-1546341904,1111111111111011
1599,4876111,2024-10-11 08:20:02.146178+00,2024-10-11 07:41:47.886216+00,2024-10-18 00:07:42.904425+00,45599,0,t,4059,-1546189945,1111111111110011
1600,4876134,2024-10-11 08:20:02.146178+00,2024-10-11 07:41:47.886216+00,2024-10-18 00:07:53.188647+00,45599,1,t,4060,-1546179661,1111111111111011
1606,4876178,2024-10-11 08:20:02.146178+00,2024-10-11 07:41:47.886216+00,2024-10-18 00:08:27.443049+00,45597,0,t,4061,-1546145407,1111111111111001
1607,4876179,2024-10-11 08:20:02.146178+00,2024-10-11 07:41:47.886216+00,2024-10-18 00:08:36.800358+00,45598,1,t,4062,-1546136049,1111111111111101
1608,4876180,2024-10-11 08:20:02.146178+00,2024-10-11 07:41:47.886216+00,2024-10-18 00:08:37.70533+00,45597,1,t,4063,-1546135144,1111111111111111
1609,4876181,2024-10-11 08:20:02.146178+00,2024-10-11 07:41:47.886216+00,2024-10-18 00:08:54.883496+00,45598,0,t,4064,-1546117966,1111111111111011
1615,4876221,2024-10-11 08:20:02.146178+00,2024-10-11 07:41:47.886216+00,2024-10-18 00:09:47.025765+00,45597,0,t,4065,-1546065824,1111111111111001
1616,4876222,2024-10-11 08:20:02.146178+00,2024-10-11 07:41:47.886216+00,2024-10-18 00:09:56.422175+00,45598,1,t,4066,-1546056428,1111111111111101
1617,4876223,2024-10-11 08:20:02.146178+00,2024-10-11 07:41:47.886216+00,2024-10-18 00:09:57.280951+00,45597,1,t,4067,-1546055569,1111111111111111
1618,4876242,2024-10-11 08:20:02.146178+00,2024-10-11 07:41:47.886216+00,2024-10-18 00:10:14.396197+00,45598,0,t,4068,-1546038454,1111111111111011
1623,4876372,2024-10-11 08:20:02.146178+00,2024-10-11 07:41:47.886216+00,2024-10-18 00:11:12.074878+00,45598,1,t,4069,-1545980775,1111111111111111
1632,4876492,2024-10-11 08:20:02.146178+00,2024-10-11 07:41:47.886216+00,2024-10-18 00:12:53.778717+00,45599,0,t,4070,-1545879071,1111111111110111
1633,4876493,2024-10-11 08:20:02.146178+00,2024-10-11 07:41:47.886216+00,2024-10-18 00:13:04.045926+00,45599,1,t,4071,-1545868804,1111111111111111
1638,4877371,2024-10-11 08:20:02.146178+00,2024-10-11 07:41:47.886216+00,2024-10-18 00:20:52.987676+00,45601,0,t,4072,-1545399863,1111111111011111
1639,4877378,2024-10-11 08:20:02.146178+00,2024-10-11 07:41:47.886216+00,2024-10-18 00:21:03.277928+00,45601,1,t,4073,-1545389573,1111111111111111
1644,4877495,2024-10-11 08:20:02.146178+00,2024-10-11 07:41:47.886216+00,2024-10-18 00:22:18.073854+00,45597,0,t,4074,-1545314777,1111111111111101
1645,4877513,2024-10-11 08:20:02.146178+00,2024-10-11 07:41:47.886216+00,2024-10-18 00:22:28.204854+00,45597,1,t,4075,-1545304646,1111111111111111
1650,4877560,2024-10-11 08:20:02.146178+00,2024-10-11 07:41:47.886216+00,2024-10-18 00:23:13.327208+00,45601,0,t,4076,-1545259524,1111111111011111
1651,4877574,2024-10-11 08:20:02.146178+00,2024-10-11 07:41:47.886216+00,2024-10-18 00:23:23.620555+00,45601,1,t,4077,-1545249230,1111111111111111
1652,4877695,2024-10-11 08:20:02.146178+00,2024-10-11 07:41:47.886216+00,2024-10-18 00:25:01.625728+00,45600,0,t,4078,-1545151225,1111111111101111
1653,4877696,2024-10-11 08:20:02.146178+00,2024-10-11 07:41:47.886216+00,2024-10-18 00:25:12.074083+00,45600,1,t,4079,-1545140777,1111111111111111
1658,4877783,2024-10-11 08:20:02.146178+00,2024-10-11 07:41:47.886216+00,2024-10-18 00:26:12.699894+00,11-0,0,t,4080,-1545080151,1111111111111110
1659,4877806,2024-10-11 08:20:02.146178+00,2024-10-11 07:41:47.886216+00,2024-10-18 00:26:30.531732+00,11-0,1,t,4081,-1545062320,1111111111111111
1668,4877948,2024-10-11 08:20:02.146178+00,2024-10-11 07:41:47.886216+00,2024-10-18 00:28:32.043253+00,45601,0,t,4082,-1544940808,1111111111011111
1669,4877949,2024-10-11 08:20:02.146178+00,2024-10-11 07:41:47.886216+00,2024-10-18 00:28:42.309714+00,45601,1,t,4083,-1544930542,1111111111111111
1670,4877960,2024-10-11 08:20:02.146178+00,2024-10-11 07:41:47.886216+00,2024-10-18 00:28:55.35975+00,45600,0,t,4084,-1544917492,1111111111101111
1675,4878114,2024-10-11 08:20:02.146178+00,2024-10-11 07:41:47.886216+00,2024-10-18 00:30:10.811326+00,45597,0,t,4085,-1544842040,1111111111101101
1676,4878138,2024-10-11 08:20:02.146178+00,2024-10-11 07:41:47.886216+00,2024-10-18 00:30:20.940406+00,45597,1,t,4086,-1544831911,1111111111101111
1677,4878141,2024-10-11 08:20:02.146178+00,2024-10-11 07:41:47.886216+00,2024-10-18 00:30:22.674277+00,45600,1,t,4087,-1544830177,1111111111111111
1683,4878199,2024-10-11 08:20:02.146178+00,2024-10-11 07:41:47.886216+00,2024-10-18 00:30:59.621158+00,45600,0,t,4088,-1544793230,1111111111101111
1685,4878245,2024-10-11 08:20:02.146178+00,2024-10-11 07:41:47.886216+00,2024-10-18 00:31:38.756431+00,45600,1,t,4089,-1544754095,1111111111111111
1690,4878564,2024-10-11 08:20:02.146178+00,2024-10-11 07:41:47.886216+00,2024-10-18 00:35:31.998961+00,45598,0,t,4090,-1544520853,1111111111111011
1691,4878568,2024-10-11 08:20:02.146178+00,2024-10-11 07:41:47.886216+00,2024-10-18 00:35:51.094115+00,45598,1,t,4091,-1544501758,1111111111111111
1696,4878675,2024-10-11 08:20:02.146178+00,2024-10-11 07:41:47.886216+00,2024-10-18 00:37:39.096368+00,11-0,0,t,4092,-1544393756,1111111111111110
1697,4878676,2024-10-11 08:20:02.146178+00,2024-10-11 07:41:47.886216+00,2024-10-18 00:37:42.000147+00,45598,0,t,4093,-1544390852,1111111111111010
1698,4878715,2024-10-11 08:20:02.146178+00,2024-10-11 07:41:47.886216+00,2024-10-18 00:38:01.694936+00,45598,1,t,4094,-1544371157,1111111111111110
1703,4878748,2024-10-11 08:20:02.146178+00,2024-10-11 07:41:47.886216+00,2024-10-18 00:38:46.005308+00,11-0,1,t,4095,-1544326847,1111111111111111
1712,4878849,2024-10-11 08:20:02.146178+00,2024-10-11 07:41:47.886216+00,2024-10-18 00:39:37.87323+00,11-0,0,t,4096,-1544274979,1111111111111110
1713,4878853,2024-10-11 08:20:02.146178+00,2024-10-11 07:41:47.886216+00,2024-10-18 00:39:43.796131+00,45598,0,t,4097,-1544269056,1111111111111010
1714,4878870,2024-10-11 08:20:02.146178+00,2024-10-11 07:41:47.886216+00,2024-10-18 00:39:56.531978+00,45599,0,t,4098,-1544256321,1111111111110010
1715,4878877,2024-10-11 08:20:02.146178+00,2024-10-11 07:41:47.886216+00,2024-10-18 00:40:06.837258+00,45599,1,t,4099,-1544246015,1111111111111010
1716,4878878,2024-10-11 08:20:02.146178+00,2024-10-11 07:41:47.886216+00,2024-10-18 00:40:08.572989+00,11-0,1,t,4100,-1544244279,1111111111111011
1721,4878966,2024-10-11 08:20:02.146178+00,2024-10-11 07:41:47.886216+00,2024-10-18 00:40:55.335875+00,45598,1,t,4101,-1544197517,1111111111111111
1730,4879090,2024-10-11 08:20:02.146178+00,2024-10-11 07:41:47.886216+00,2024-10-18 00:43:14.553216+00,45599,0,t,4102,-1544058300,1111111111110111
1731,4879093,2024-10-11 08:20:02.146178+00,2024-10-11 07:41:47.886216+00,2024-10-18 00:43:24.826507+00,45599,1,t,4103,-1544048026,1111111111111111
1732,4879100,2024-10-11 08:20:02.146178+00,2024-10-11 07:41:47.886216+00,2024-10-18 00:43:34.558293+00,45600,0,t,4104,-1544038295,1111111111101111
1733,4879116,2024-10-11 08:20:02.146178+00,2024-10-11 07:41:47.886216+00,2024-10-18 00:43:43.943713+00,45600,1,t,4105,-1544028909,1111111111111111
1738,4879191,2024-10-11 08:20:02.146178+00,2024-10-11 07:41:47.886216+00,2024-10-18 00:44:57.534375+00,11-0,0,t,4106,-1543955319,1111111111111110
1739,4879321,2024-10-11 08:20:02.146178+00,2024-10-11 07:41:47.886216+00,2024-10-18 00:45:34.390242+00,11-0,1,t,4107,-1543918463,1111111111111111
1745,4879745,2024-10-11 08:20:02.146178+00,2024-10-11 07:41:47.886216+00,2024-10-18 00:50:58.660993+00,11-0,0,t,4108,-1543594192,1111111111111110
1746,4879755,2024-10-11 08:20:02.146178+00,2024-10-11 07:41:47.886216+00,2024-10-18 00:51:15.177524+00,11-0,1,t,4109,-1543577676,1111111111111111
1756,4880547,2024-10-11 08:20:02.146178+00,2024-10-11 07:41:47.886216+00,2024-10-18 00:59:48.292516+00,45601,0,t,4110,-1543064562,1111111111011111
1757,4880548,2024-10-11 08:20:02.146178+00,2024-10-11 07:41:47.886216+00,2024-10-18 00:59:58.548712+00,45601,1,t,4111,-1543054306,1111111111111111
1762,4880686,2024-10-11 08:20:02.146178+00,2024-10-11 07:41:47.886216+00,2024-10-18 01:01:05.644951+00,45599,0,t,4112,-1542987209,1111111111110111
1763,4880691,2024-10-11 08:20:02.146178+00,2024-10-11 07:41:47.886216+00,2024-10-18 01:01:15.922279+00,45599,1,t,4113,-1542976932,1111111111111111
1764,4887697,2024-10-11 08:20:02.146178+00,2024-10-11 07:41:47.886216+00,2024-10-18 02:21:17.074698+00,45600,0,t,4114,-1538175787,1111111111101111
1765,4887738,2024-10-11 08:20:02.146178+00,2024-10-11 07:41:47.886216+00,2024-10-18 02:21:26.811455+00,45600,1,t,4115,-1538166050,1111111111111111
1770,4887926,2024-10-11 08:20:02.146178+00,2024-10-11 07:41:47.886216+00,2024-10-18 02:23:39.358194+00,45600,0,t,4116,-1538033504,1111111111101111
1771,4887947,2024-10-11 08:20:02.146178+00,2024-10-11 07:41:47.886216+00,2024-10-18 02:24:20.059906+00,45600,1,t,4117,-1537992802,1111111111111111
1776,4888089,2024-10-11 08:20:02.146178+00,2024-10-11 07:41:47.886216+00,2024-10-18 02:25:37.845856+00,45600,0,t,4118,-1537915016,1111111111101111
1777,4888104,2024-10-11 08:20:02.146178+00,2024-10-11 07:41:47.886216+00,2024-10-18 02:25:48.640675+00,45598,0,t,4119,-1537904221,1111111111101011
1778,4888122,2024-10-11 08:20:02.146178+00,2024-10-11 07:41:47.886216+00,2024-10-18 02:25:58.284334+00,45600,1,t,4120,-1537894578,1111111111111011
1783,4888174,2024-10-11 08:20:02.146178+00,2024-10-11 07:41:47.886216+00,2024-10-18 02:26:46.701798+00,45598,1,t,4121,-1537846160,1111111111111111
1788,4888261,2024-10-11 08:20:02.146178+00,2024-10-11 07:41:47.886216+00,2024-10-18 02:27:53.459591+00,45598,0,t,4122,-1537779403,1111111111111011
1789,4888296,2024-10-11 08:20:02.146178+00,2024-10-11 07:41:47.886216+00,2024-10-18 02:28:11.378571+00,45598,1,t,4123,-1537761484,1111111111111111
1790,4888361,2024-10-11 08:20:02.146178+00,2024-10-11 07:41:47.886216+00,2024-10-18 02:28:29.148423+00,45600,0,t,4124,-1537743714,1111111111101111
1795,4888441,2024-10-11 08:20:02.146178+00,2024-10-11 07:41:47.886216+00,2024-10-18 02:29:09.518857+00,45600,1,t,4125,-1537703344,1111111111111111
1796,4888480,2024-10-11 08:20:02.146178+00,2024-10-11 07:41:47.886216+00,2024-10-18 02:29:35.92228+00,11-0,0,t,4126,-1537676940,1111111111111110
1801,4888491,2024-10-11 08:20:02.146178+00,2024-10-11 07:41:47.886216+00,2024-10-18 02:29:58.23665+00,11-0,1,t,4127,-1537654626,1111111111111111
1804,4888520,2024-10-11 08:20:02.146178+00,2024-10-11 07:41:47.886216+00,2024-10-18 02:30:32.336734+00,45598,0,t,4128,-1537620526,1111111111111011
1807,4888574,2024-10-11 08:20:02.146178+00,2024-10-11 07:41:47.886216+00,2024-10-18 02:31:10.305888+00,45598,1,t,4129,-1537582557,1111111111111111
1812,4888795,2024-10-11 08:20:02.146178+00,2024-10-11 07:41:47.886216+00,2024-10-18 02:32:44.439122+00,45600,0,t,4130,-1537488424,1111111111101111
1813,4888875,2024-10-11 08:20:02.146178+00,2024-10-11 07:41:47.886216+00,2024-10-18 02:33:03.415161+00,45600,1,t,4131,-1537469448,1111111111111111
1822,4888962,2024-10-11 08:20:02.146178+00,2024-10-11 07:41:47.886216+00,2024-10-18 02:34:05.971768+00,45600,0,t,4132,-1537406891,1111111111101111
1823,4888970,2024-10-11 08:20:02.146178+00,2024-10-11 07:41:47.886216+00,2024-10-18 02:34:12.369189+00,11-0,0,t,4133,-1537400494,1111111111101110
1824,4888975,2024-10-11 08:20:02.146178+00,2024-10-11 07:41:47.886216+00,2024-10-18 02:34:29.704491+00,11-0,1,t,4134,-1537383158,1111111111101111
1825,4888977,2024-10-11 08:20:02.146178+00,2024-10-11 07:41:47.886216+00,2024-10-18 02:34:31.693535+00,45598,0,t,4135,-1537381169,1111111111101011
1830,4889036,2024-10-11 08:20:02.146178+00,2024-10-11 07:41:47.886216+00,2024-10-18 02:35:19.348267+00,45600,1,t,4136,-1537333515,1111111111111011
1835,4889179,2024-10-11 08:20:02.146178+00,2024-10-11 07:41:47.886216+00,2024-10-18 02:36:06.247165+00,45598,1,t,4137,-1537286616,1111111111111111
1836,4889232,2024-10-11 08:20:02.146178+00,2024-10-11 07:41:47.886216+00,2024-10-18 02:36:29.070197+00,45598,0,t,4138,-1537263793,1111111111111011
1841,4889268,2024-10-11 08:20:02.146178+00,2024-10-11 07:41:47.886216+00,2024-10-18 02:36:54.673791+00,45598,1,t,4139,-1537238189,1111111111111111
1846,4889527,2024-10-11 08:20:02.146178+00,2024-10-11 07:41:47.886216+00,2024-10-18 02:39:51.698933+00,45600,0,t,4140,-1537061164,1111111111101111
1847,4889591,2024-10-11 08:20:02.146178+00,2024-10-11 07:41:47.886216+00,2024-10-18 02:40:32.444803+00,45600,1,t,4141,-1537020419,1111111111111111
1851,4889639,2024-10-11 08:20:02.146178+00,2024-10-11 07:41:47.886216+00,2024-10-18 02:41:12.994441+00,45600,0,t,4142,-1536979869,1111111111101111
1853,4889690,2024-10-11 08:20:02.146178+00,2024-10-11 07:41:47.886216+00,2024-10-18 02:41:33.061561+00,45600,1,t,4143,-1536959802,1111111111111111
1858,4889864,2024-10-11 08:20:02.146178+00,2024-10-11 07:41:47.886216+00,2024-10-18 02:43:22.176833+00,11-0,0,t,4144,-1536850687,1111111111111110
1859,4889940,2024-10-11 08:20:02.146178+00,2024-10-11 07:41:47.886216+00,2024-10-18 02:43:58.900563+00,11-0,1,t,4145,-1536813963,1111111111111111
1886,4899991,2024-10-11 08:20:02.146178+00,2024-10-11 07:41:47.886216+00,2024-10-18 05:44:35.154511+00,45598,0,t,4146,-1525977731,1111111111111011
1887,4899997,2024-10-11 08:20:02.146178+00,2024-10-11 07:41:47.886216+00,2024-10-18 05:44:53.024441+00,45598,1,t,4147,-1525959861,1111111111111111
1896,4906310,2024-10-11 08:20:02.146178+00,2024-10-11 07:41:47.886216+00,2024-10-18 07:08:38.200195+00,45599,0,t,4148,-1520934694,1111111111110111
1897,4906315,2024-10-11 08:20:02.146178+00,2024-10-11 07:41:47.886216+00,2024-10-18 07:08:48.485553+00,45599,1,t,4149,-1520924409,1111111111111111
